txn_id,user_id,status,source_currency,destination_currency,created_at,source_amount,destination_amount
57105,160249,completed,USDT,ADA,2025-05-20T00:49:01.009Z,1.58993066,2.12821336
114160,160249,completed,SHIB,ADA,2025-06-03T09:08:39.969Z,1551944.25877440,29.28043947
117835,160249,completed,ETH,ADA,2025-06-04T09:06:30.569Z,0.00550517,20.67038737
139465,160249,completed,DOGE,ADA,2025-06-10T09:16:38.895Z,114.94694260,31.48755666
365253,850378,completed,SOL,ADA,2025-08-01T23:09:24.557Z,0.02000000,4.54189578
201169,144779,completed,NGN,BNB,2025-07-25T20:44:13.755Z,20000.00000000,0.01669930
405299,160249,completed,USDT,BNB,2025-09-05T02:07:04.539Z,7.88407917,0.00929338
142927,780088,completed,USDT,BTC,2025-06-11T10:04:40.906Z,0.95798964,0.00000874
149863,780088,completed,USDT,BTC,2025-06-12T22:30:14.829Z,0.96440865,0.00000907
163701,723790,completed,USDT,BTC,2025-06-16T13:48:27.060Z,2.84453536,0.00002656
164305,160249,completed,USDT,BTC,2025-06-16T16:33:14.064Z,19.02628364,0.00017631
165168,731910,completed,USDT,BTC,2025-06-17T00:41:31.274Z,2.45289876,0.00002288
189632,723790,completed,USDT,BTC,2025-06-23T13:23:55.953Z,3.94830425,0.00003890
189852,300583,completed,USDT,BTC,2025-06-23T14:28:43.958Z,2.29822515,0.00002247
193762,448774,completed,USDT,BTC,2025-06-24T20:07:17.158Z,4.89474789,0.00004625
193835,448774,completed,USDT,BTC,2025-06-24T20:53:44.620Z,3.62126463,0.00003409
201411,676996,completed,USDT,BTC,2025-06-26T15:22:35.189Z,1.10270738,0.00001024
215361,778141,completed,UNI,BTC,2025-06-30T04:22:00.853Z,0.57209685,0.00003826
217044,780088,completed,USDT,BTC,2025-06-30T10:01:14.685Z,2.73831207,0.00002539
217421,785072,completed,USDT,BTC,2025-06-30T12:16:30.973Z,14.88135139,0.00013782
234944,160249,completed,USDT,BTC,2025-07-03T23:48:36.197Z,9.24231087,0.00008416
276715,160249,completed,USDT,BTC,2025-07-12T22:55:51.883Z,4.81747178,0.00004094
300832,1011848,completed,USDT,BTC,2025-07-18T07:39:20.563Z,1.68218720,0.00001400
310237,258989,completed,USDT,BTC,2025-07-20T10:22:51.652Z,8.87532889,0.00007500
334070,731910,completed,USDT,BTC,2025-07-25T14:43:56.078Z,1.54614232,0.00001335
340096,1089365,completed,USDT,BTC,2025-07-27T06:18:54.239Z,1.27512682,0.00001075
211960,84778,completed,NGN,BTC,2025-07-29T20:53:08.881Z,20100.00000000,0.00011103
365225,160249,completed,USDT,BTC,2025-08-01T22:25:31.814Z,4.24000631,0.00003719
391580,697027,completed,USDT,BTC,2025-08-14T00:18:02.864Z,23.73123583,0.00019113
401502,4485,completed,NGN,BTC,2025-08-29T17:54:46.987Z,5000.00000000,0.00002996
249925,11351,completed,NGN,BTC,2025-08-30T19:28:48.116Z,1500.00000000,0.00000894
410519,1066132,completed,USDT,BTC,2025-09-14T06:37:20.091Z,1.43390481,0.00001236
413523,19816,completed,NGN,BTC,2025-09-18T13:04:42.156Z,36022.00000000,0.00020324
142925,780088,completed,USDT,BTC,2025-06-11T10:04:18.914Z,0.96767511,0.00000883
163699,723790,completed,USDT,BTC,2025-06-16T13:48:06.605Z,2.87008762,0.00002680
164307,160249,completed,USDT,BTC,2025-06-16T16:33:28.192Z,18.85549681,0.00017473
165166,731910,completed,USDT,BTC,2025-06-17T00:41:06.795Z,2.47543950,0.00002310
189630,723790,completed,USDT,BTC,2025-06-23T13:23:26.075Z,3.98485801,0.00003926
193833,448774,completed,USDT,BTC,2025-06-24T20:53:10.411Z,3.65469244,0.00003440
215363,778341,completed,USDT,BTC,2025-06-30T04:22:54.954Z,21.33219316,0.00019621
276713,160249,completed,USDT,BTC,2025-07-12T22:55:26.765Z,4.86188322,0.00004130
300830,1011848,completed,USDT,BTC,2025-07-18T07:39:07.558Z,1.69769673,0.00001413
310235,258989,completed,USDT,BTC,2025-07-20T10:21:58.044Z,8.95643326,0.00007568
334068,731910,completed,USDT,BTC,2025-07-25T14:43:41.804Z,1.56110311,0.00001348
340094,1089365,completed,USDT,BTC,2025-07-27T06:18:40.006Z,1.28690631,0.00001085
109992,160249,completed,USDT,DOGE,2025-06-02T09:16:14.668Z,101.18383272,529.16306877
392753,1135102,completed,NGN,DOGE,2025-08-14T12:38:23.353Z,50000.00000000,142.52775478
247634,99167,completed,NGN,DOGE,2025-08-27T12:35:33.692Z,49950.00000000,146.69620515
120232,160249,completed,USDT,ETH,2025-06-04T20:42:10.761Z,9.64555449,0.00368105
131048,160249,completed,USDT,ETH,2025-06-07T16:33:43.637Z,15.18611995,0.00600496
141235,160249,completed,USDT,ETH,2025-06-10T17:13:37.486Z,4.62680636,0.00168435
192446,160249,completed,USDT,ETH,2025-06-24T11:38:44.180Z,13.01277204,0.00536921
406765,258989,completed,SOL,ETH,2025-09-07T13:55:10.361Z,0.00840224,0.00039351
257599,1061809,completed,NGN,ETH,2025-09-11T02:33:52.360Z,20000.00000000,0.00301000
412089,193,completed,NGN,KAI,2025-09-16T17:52:28.538Z,19950.00000000,12336.07221994
119271,160249,completed,ETH,LTC,2025-06-04T14:21:50.663Z,0.00362276,0.10484854
144868,160249,completed,USDT,LTC,2025-06-11T20:46:53.624Z,34.47621247,0.37222417
196186,954493,cancelled,NGN,LTC,2025-07-24T07:06:13.972Z,19000.00000000,null
365043,160249,completed,BTC,LTC,2025-08-01T21:20:36.933Z,0.00005031,0.05312754
261891,1173910,completed,NGN,LTC,2025-09-17T15:53:44.235Z,29950.00000000,0.17246482
124279,875194,completed,NGN,POL,2025-06-24T07:04:09.840Z,586.00000000,1.99741641
149656,160249,completed,USDT,S,2025-06-12T19:44:20.201Z,11.72716805,31.86716821
81446,160249,completed,USDT,SHIB,2025-05-25T13:44:04.492Z,0.90984200,63281.66755194
115738,448774,completed,USDT,SHIB,2025-06-03T16:31:36.247Z,1.00381469,75783.80658129
132679,160249,completed,USDT,SHIB,2025-06-08T08:05:26.552Z,10.19577769,809519.59222082
263029,160249,completed,USDT,SHIB,2025-07-10T03:58:49.287Z,11.27164257,902152.47327635
207967,303282,completed,NGN,SHIB,2025-07-28T14:23:14.082Z,5000.00000000,235224.85890210
411814,1171041,completed,USDT,SHIB,2025-09-16T06:25:58.913Z,2.21237144,167854.19967706
216448,387159,completed,NGN,SOL,2025-07-31T11:20:38.420Z,60000.00000000,0.21292862
223412,806588,completed,NGN,SOL,2025-08-04T11:15:51.737Z,150000.00000000,0.59541114
384220,231037,completed,BNB,SOL,2025-08-10T13:22:34.576Z,0.12972188,0.57638937
397006,780088,completed,USDT,SOL,2025-08-22T13:07:25.549Z,1.09116007,0.00606638
397032,780088,completed,USDT,SOL,2025-08-22T13:21:05.541Z,0.98521577,0.00548686
404993,806588,completed,USDT,SOL,2025-09-04T09:50:42.892Z,35.00000000,0.16772968
405113,1166386,completed,USDT,SOL,2025-09-04T18:19:21.654Z,3.28638022,0.01601744
426928,108363,completed,NGN,SOL,2025-10-10T10:10:50.895Z,14950.00000000,0.04574128
81117,780088,completed,USDT,TRX,2025-05-25T11:13:48.263Z,5.14494870,18.80723723
173582,192973,completed,NGN,TRX,2025-06-19T10:39:59.004Z,2377.00000000,5.41701416
216547,1067159,completed,NGN,TRX,2025-07-31T12:07:58.989Z,11000.00000000,21.55382713
47479,205428,completed,VND,USDT,2025-05-17T12:36:06.461Z,1093000.00000000,41.21194303
67657,160249,completed,ADA,USDT,2025-05-22T06:56:42.289Z,3.20119480,2.51003935
72238,20,completed,VND,USDT,2025-05-23T09:02:29.547Z,20000.00000000,0.75615762
76866,184981,completed,SHIB,USDT,2025-05-24T11:24:08.527Z,1399283.98292130,20.25923053
63955,185208,completed,VND,USDT,2025-05-25T09:38:53.317Z,270000.00000000,10.15818264
91491,795994,completed,SHIB,USDT,2025-05-28T06:00:19.678Z,1937451.29800154,27.73407364
99972,160249,completed,SHIB,USDT,2025-05-30T09:47:18.140Z,563285.86049440,7.44443325
119871,174195,completed,DOGE,USDT,2025-06-04T17:01:45.972Z,55.12675751,10.54324228
119907,174195,completed,BTC,USDT,2025-06-04T17:20:47.989Z,0.00009200,9.63399625
128377,25444,completed,XLM,USDT,2025-06-06T20:03:01.380Z,50.48206890,13.24780546
143094,160249,completed,NGN,USDT,2025-06-11T10:41:47.142Z,10594.00000000,6.68666423
148144,205376,completed,VND,USDT,2025-06-12T10:36:49.871Z,265000.00000000,10.09378236
151671,160249,completed,SHIB,USDT,2025-06-13T04:57:37.395Z,393998.44479706,4.59689561
154360,840940,completed,SOL,USDT,2025-06-13T20:34:28.963Z,0.03746736,5.43552757
106228,660595,cancelled_by_system,NGN,USDT,2025-06-14T14:42:42.185Z,63166.00000000,null
161116,731910,completed,LTC,USDT,2025-06-15T16:00:22.656Z,0.06163036,5.27130729
164287,160249,completed,BTC,USDT,2025-06-16T16:21:19.845Z,0.00019131,20.45651895
164773,300583,completed,BTC,USDT,2025-06-16T21:20:05.885Z,0.00002281,2.45997192
166900,160249,completed,BTC,USDT,2025-06-17T11:45:22.819Z,0.00005891,6.17881373
178686,448774,completed,BTC,USDT,2025-06-20T17:28:10.908Z,0.00004491,4.59911701
184230,300583,completed,BTC,USDT,2025-06-22T10:38:55.569Z,0.00005474,5.57014251
186522,931625,completed,BTC,USDT,2025-06-22T22:21:41.017Z,0.00004374,4.36955572
188873,160249,completed,ETH,USDT,2025-06-23T10:30:49.983Z,0.00313549,7.00987933
192924,160249,completed,ETH,USDT,2025-06-24T13:37:44.057Z,0.00331209,7.99009906
193847,448774,completed,BTC,USDT,2025-06-24T21:19:28.397Z,0.00003258,3.42714697
200458,676996,completed,BTC,USDT,2025-06-26T12:13:39.825Z,0.00001178,1.25616292
208099,160249,completed,BNB,USDT,2025-06-28T08:38:53.317Z,0.07646118,49.22526010
218423,184981,completed,BTC,USDT,2025-06-30T15:50:17.079Z,0.00008965,9.58914217
251791,160249,completed,NGN,USDT,2025-07-07T14:25:44.095Z,34910.00000000,22.56731603
278092,707167,completed,BTC,USDT,2025-07-13T09:15:00.000Z,0.00206303,241.61000000
333862,211470,completed,VND,USDT,2025-07-25T14:17:45.522Z,1187000.00000000,44.84641201
341585,258989,completed,BTC,USDT,2025-07-27T12:50:55.698Z,0.00010019,11.74106128
344689,697027,completed,BNB,USDT,2025-07-28T09:18:34.545Z,0.01442442,12.27858334
211995,1052734,completed,NGN,USDT,2025-07-29T21:01:07.575Z,270000.00000000,175.21773397
215953,53791,completed,NGN,USDT,2025-07-31T08:56:53.878Z,8000.00000000,5.17298569
364718,21810,completed,VND,USDT,2025-08-01T15:03:20.660Z,10000000.00000000,374.30202633
235557,42051,completed,NGN,USDT,2025-08-12T16:55:45.247Z,50450.00000000,32.62084928
395252,1155696,completed,NGN,USDT,2025-08-19T07:12:04.866Z,156644.00000000,101.12456972
396556,258989,completed,BTC,USDT,2025-08-21T21:00:46.478Z,0.00001363,1.52542545
397948,931625,completed,BTC,USDT,2025-08-24T03:07:08.554Z,0.00001700,1.94773671
245432,1140580,completed,NGN,USDT,2025-08-24T15:20:24.734Z,9951.00000000,6.43419524
400291,96194,completed,BTC,USDT,2025-08-28T04:30:00.980Z,0.00036608,40.82439368
400656,19060,completed,NEAR,USDT,2025-08-28T19:15:21.618Z,0.77138233,1.93113211
401376,1162264,completed,S,USDT,2025-08-29T14:09:36.368Z,7.55696638,2.36385312
405106,457019,completed,BTC,USDT,2025-09-04T17:58:56.396Z,0.00004317,4.70419531
408475,37634,completed,LTC,USDT,2025-09-10T02:30:37.783Z,0.01360443,1.52460212
409645,1066132,completed,BTC,USDT,2025-09-12T09:43:38.658Z,0.00002066,2.35826628
414791,1089365,completed,BTC,USDT,2025-09-20T21:35:23.235Z,0.00005298,6.09644166
417938,731910,completed,XRP,USDT,2025-09-24T21:40:33.058Z,4.64353598,13.66653395
268098,1104049,completed,NGN,USDT,2025-09-26T16:51:44.814Z,5000.00000000,3.33372106
432307,4536,completed,BNB,USDT,2025-10-18T11:44:51.046Z,0.00553349,6.05980559
437748,1029139,completed,NGN,USDT,2025-10-27T20:23:07.994Z,49950.00000000,33.41103208
290018,585620,completed,NGN,USDT,2025-11-09T12:30:55.160Z,146744.00000000,100.02504366
67655,160249,completed,ADA,USDT,2025-05-22T06:56:24.343Z,3.23016875,2.53275766
91489,795994,completed,SHIB,USDT,2025-05-28T06:00:01.336Z,1954984.14360319,27.98505161
99970,160249,completed,SHIB,USDT,2025-05-30T09:47:06.147Z,568383.90728800,7.51180948
119869,174195,completed,DOGE,USDT,2025-06-04T17:01:26.094Z,55.62568554,10.63866455
119904,174195,completed,TRX,USDT,2025-06-04T17:20:08.372Z,35.79876296,9.72158665
148143,205376,completed,VND,USDT,2025-06-12T10:36:40.609Z,265000.00000000,10.09379052
151669,160249,completed,SHIB,USDT,2025-06-13T04:57:24.775Z,397564.40595908,4.63850073
161114,731910,completed,LTC,USDT,2025-06-15T16:00:07.116Z,0.06218818,5.31901783
166898,160249,completed,BTC,USDT,2025-06-17T11:45:06.396Z,0.00005945,6.23556759
178688,4395,completed,NGN,USDT,2025-06-20T17:28:37.523Z,92756.00000000,58.44645879
184228,300583,completed,BTC,USDT,2025-06-22T10:38:33.814Z,0.00005524,5.62116249
186520,931625,completed,BTC,USDT,2025-06-22T22:21:28.978Z,0.00004414,4.40959747
188871,160249,completed,ETH,USDT,2025-06-23T10:30:36.343Z,0.00316388,7.07334239
192922,160249,completed,ETH,USDT,2025-06-24T13:37:29.082Z,0.00334281,8.05969791
136556,40962,cancelled,NGN,USDT,2025-06-30T15:49:37.286Z,5200.00000000,null
393311,305792,completed,BTC,USDT,2025-08-15T19:31:12.899Z,0.00001635,1.90171483
396554,258989,completed,BTC,USDT,2025-08-21T21:00:17.295Z,0.00001376,1.54047662
255883,1167684,completed,NGN,USDT,2025-09-08T06:56:26.408Z,5000.00000000,3.29534975
412635,1089365,completed,SHIB,USDT,2025-09-17T07:43:59.074Z,701661.28641562,9.20366510
67653,160249,completed,ADA,USDT,2025-05-22T06:56:09.363Z,3.25940493,2.55568159
99976,160249,completed,SHIB,USDT,2025-05-30T09:47:51.602Z,553226.52907389,7.31148825
119866,174195,completed,DOGE,USDT,2025-06-04T17:01:09.290Z,56.12912896,10.73495040
148142,205376,completed,VND,USDT,2025-06-12T10:36:31.724Z,265000.00000000,10.09383875
166902,160249,completed,BTC,USDT,2025-06-17T11:45:41.969Z,0.00005837,6.12205987
184226,300583,completed,BTC,USDT,2025-06-22T10:38:17.123Z,0.00005574,5.67214347
186518,931625,completed,BTC,USDT,2025-06-22T22:21:11.442Z,0.00004455,4.45064026
188869,160249,completed,ETH,USDT,2025-06-23T10:30:20.941Z,0.00319253,7.13738789
393313,305792,completed,BTC,USDT,2025-08-15T19:31:37.677Z,0.00001620,1.88421195
412637,1089365,completed,SHIB,USDT,2025-09-17T07:44:49.857Z,695553.53961654,9.12111488
407529,137,completed,SOL,XLM,2025-09-08T17:39:16.637Z,0.02109777,11.99999848
275520,137,completed,NGN,XLM,2025-10-08T17:20:59.711Z,7550.00000000,12.99892823
277765,1152961,completed,NGN,XLM,2025-10-13T05:31:12.086Z,5300.00000000,10.33729965
433120,80394,completed,ETH,XLM,2025-10-19T18:25:18.428Z,0.00005973,0.73733252
302282,187450,completed,NGN,XRP,2025-07-18T11:40:05.960Z,9900.00000000,1.85219940
186088,10295,completed,NGN,XRP,2025-07-19T17:19:09.278Z,90000.00000000,16.95390817
402163,258989,completed,USDT,XRP,2025-08-30T14:55:33.109Z,2.11130675,0.75313224
57044,779164,completed,USDT,ADA,2025-05-20T00:30:01.700Z,4.80226356,6.41336979
115965,160249,completed,USDT,ADA,2025-06-03T17:32:47.875Z,8.88451825,12.83202219
140986,160249,completed,USDT,ADA,2025-06-10T15:43:48.466Z,6.03387138,8.68788134
393231,884896,completed,ADA,AXS,2025-08-15T13:00:48.878Z,0.72416271,0.28481197
113756,780088,completed,SHIB,BNB,2025-06-03T07:27:04.108Z,573715.49665100,0.01126300
43430,5483,completed,NGN,BTC,2025-05-17T17:21:48.897Z,3000.00000000,0.00001789
162682,160249,completed,USDT,BTC,2025-06-16T08:45:35.923Z,98.79000000,0.00092064
164314,160249,completed,USDT,BTC,2025-06-16T16:36:49.454Z,18.35123608,0.00017008
166903,160249,completed,USDT,BTC,2025-06-17T11:46:25.295Z,6.12205987,0.00005784
167642,160249,completed,USDT,BTC,2025-06-17T14:56:23.055Z,19.12816942,0.00018127
176128,731910,completed,USDT,BTC,2025-06-20T05:27:18.117Z,4.13744208,0.00003954
187400,160249,completed,USDT,BTC,2025-06-23T02:10:36.048Z,12.26041455,0.00012082
187679,160249,completed,USDT,BTC,2025-06-23T03:59:32.423Z,10.50810225,0.00010359
189164,160249,completed,USDT,BTC,2025-06-23T11:40:41.454Z,12.75688790,0.00012570
196024,723790,completed,USDT,BTC,2025-06-25T13:21:42.237Z,2.06626697,0.00001912
196726,448774,completed,USDT,BTC,2025-06-25T15:48:21.494Z,0.95273509,0.00000888
201195,723790,completed,USDT,BTC,2025-06-26T14:21:44.188Z,2.79968944,0.00002608
202009,931625,completed,USDT,BTC,2025-06-26T20:45:06.811Z,5.24219334,0.00004847
217308,785072,completed,USDT,BTC,2025-06-30T11:34:43.610Z,20.07633947,0.00018565
265552,849322,completed,UNI,BTC,2025-07-10T14:56:51.361Z,2.89678643,0.00020919
310276,258989,completed,USDT,BTC,2025-07-20T10:36:07.245Z,20.39737533,0.00017247
310806,300583,completed,USDT,BTC,2025-07-20T13:54:24.669Z,1.44604205,0.00001219
319744,160249,completed,USDT,BTC,2025-07-22T14:10:55.104Z,2.16049677,0.00001822
341161,1089365,completed,USDT,BTC,2025-07-27T11:01:00.027Z,0.98881202,0.00000834
397042,780088,completed,USDT,BTC,2025-08-22T13:32:14.731Z,0.94968487,0.00000844
405991,457019,completed,USDT,BTC,2025-09-06T07:22:48.890Z,3.56300823,0.00003208
416318,81025,completed,NGN,BTC,2025-09-22T22:24:22.761Z,100400.00000000,0.00058623
57754,160249,completed,USDT,DOGE,2025-05-20T04:20:18.317Z,49.85307485,221.78713247
125599,252626,completed,VND,DOGE,2025-06-06T04:49:50.007Z,500000.00000000,106.94746329
202192,64795,completed,USDT,DOGE,2025-06-26T22:36:15.273Z,0.21000000,1.30709194
25147,476624,completed,NGN,ETH,2025-05-11T15:37:59.496Z,5000.00000000,0.00123513
99100,144374,completed,BTC,ETH,2025-05-30T06:49:29.035Z,0.00002985,0.00120090
115795,160249,completed,USDT,ETH,2025-06-03T16:50:49.423Z,18.59684275,0.00707534
115807,160249,completed,USDT,ETH,2025-06-03T16:52:39.355Z,17.61808641,0.00670296
124170,160249,completed,USDT,ETH,2025-06-05T17:27:47.300Z,10.55015975,0.00408955
188878,160249,completed,USDT,ETH,2025-06-23T10:31:58.477Z,6.88467811,0.00305186
249679,160249,completed,USDT,ETH,2025-07-07T06:06:39.387Z,5.34093373,0.00206873
367588,22861,completed,USDT,ETH,2025-08-03T04:21:34.883Z,4.00000000,0.00115588
406810,258989,completed,BTC,ETH,2025-09-07T16:47:32.444Z,0.00001468,0.00037687
90751,43532,completed,VND,LTC,2025-06-07T04:42:38.286Z,100000.00000000,0.04309129
144858,160249,completed,SHIB,LTC,2025-06-11T20:36:54.127Z,847383.30415787,0.12028530
360064,572947,completed,BTC,LTC,2025-07-31T14:21:11.029Z,0.00085100,0.91225851
288661,5331,completed,NGN,LTC,2025-11-02T20:22:53.144Z,5000.00000000,0.03513058
256892,1152961,completed,NGN,ONUS,2025-09-09T22:08:10.112Z,5000.00000000,4.17506456
408303,137,completed,USDT,ONUS,2025-09-09T22:16:02.524Z,2.50000000,3.18989851
441280,79995,completed,USDT,POL,2025-11-01T16:14:29.979Z,4.23124116,22.08790218
251211,163442,completed,NGN,S,2025-09-01T16:39:33.340Z,1000.00000000,2.14632185
57045,160249,completed,USDT,SHIB,2025-05-20T00:30:58.154Z,6.91221384,470666.44572332
57672,160249,completed,USDT,SHIB,2025-05-20T03:43:36.759Z,51.92884182,3519892.70352987
88545,184981,completed,USDT,SHIB,2025-05-27T07:42:41.552Z,86.59933815,5966905.56247999
99337,780088,completed,ADA,SHIB,2025-05-30T07:27:26.130Z,15.18976006,792731.50929763
99666,160249,completed,USDT,SHIB,2025-05-30T08:30:28.588Z,9.08358211,674817.00934027
104830,160249,completed,ADA,SHIB,2025-05-31T14:38:53.789Z,51.97331470,2766705.12388494
263128,160249,completed,USDT,SHIB,2025-07-10T04:17:35.191Z,10.02582964,802440.87082432
293866,176981,completed,USDT,SHIB,2025-07-16T16:14:00.407Z,1.00000000,71361.48902457
405077,252386,completed,DOGE,SHIB,2025-09-04T15:06:10.365Z,160.00000000,2777102.23685736
412763,1089365,completed,XRP,SHIB,2025-09-17T10:10:58.176Z,1.80557449,412788.36791217
437040,445336,completed,BTC,SHIB,2025-10-26T22:17:39.164Z,0.00003011,322450.43769526
397001,780088,completed,USDT,SOL,2025-08-22T12:59:30.112Z,1.10963061,0.00617670
401549,1152861,completed,USDT,SOL,2025-08-29T22:46:02.961Z,43.97145307,0.21505546
213280,209664,completed,NGN,TRX,2025-07-30T09:09:58.088Z,9950.00000000,19.26043208
198496,74200,completed,NGN,UNI,2025-06-26T06:12:52.199Z,10752.00000000,0.94039552
344694,697027,completed,USDT,USDC,2025-07-28T09:21:13.943Z,12.18352979,12.16961792
20164,19039,completed,BNB,USDT,2025-05-11T04:03:31.836Z,0.02095454,13.80304602
33298,136132,cancelled,NGN,USDT,2025-05-14T17:39:36.322Z,10000.00000000,null
43421,17087,completed,VND,USDT,2025-05-16T15:07:44.880Z,270000.00000000,10.15174006
49897,567933,completed,NGN,USDT,2025-05-20T04:55:30.251Z,10204.00000000,6.27920244
72932,160249,completed,LTC,USDT,2025-05-23T12:32:39.585Z,0.02830317,2.73215370
84613,135457,completed,SOL,USDT,2025-05-26T10:56:18.646Z,0.10000000,17.58834171
85339,184981,completed,SHIB,USDT,2025-05-26T12:52:13.641Z,6431362.63522334,92.60524810
92453,160249,completed,SHIB,USDT,2025-05-28T09:58:20.595Z,892246.04812756,12.64888122
72503,172751,cancelled,NGN,USDT,2025-05-29T21:09:47.835Z,20000.00000000,null
106863,160249,completed,ADA,USDT,2025-06-01T08:45:33.639Z,16.37838057,10.90325509
112572,780088,completed,ADA,USDT,2025-06-03T01:49:09.477Z,15.06824196,10.52631273
114378,160249,completed,ADA,USDT,2025-06-03T10:13:48.192Z,18.96052392,13.09340550
115999,160249,completed,DOGE,USDT,2025-06-03T17:42:07.095Z,38.93846293,7.62277523
99926,39813,cancelled,NGN,USDT,2025-06-12T06:24:21.368Z,85000.00000000,null
156731,892752,completed,SOL,USDT,2025-06-14T11:20:38.027Z,0.06113831,8.86047307
185326,258989,completed,BTC,USDT,2025-06-22T14:02:53.145Z,0.00013071,13.12410732
189299,160249,completed,BTC,USDT,2025-06-23T12:02:55.855Z,0.00010488,10.56431242
196832,160249,completed,BTC,USDT,2025-06-25T16:13:35.647Z,0.00004592,4.89414289
213747,448774,completed,BTC,USDT,2025-06-29T16:09:07.800Z,0.00000866,0.92626017
216647,778141,completed,BTC,USDT,2025-06-30T08:07:14.144Z,0.00009135,9.77158577
216959,184981,completed,BTC,USDT,2025-06-30T09:40:48.754Z,0.00007332,7.83574385
217804,780088,completed,BTC,USDT,2025-06-30T13:17:16.049Z,0.00001611,1.72267116
218719,184981,completed,BTC,USDT,2025-06-30T17:48:20.023Z,0.00006538,6.99616241
245115,160249,completed,BTC,USDT,2025-07-06T07:49:52.226Z,0.00005145,5.52429501
248432,258989,completed,BTC,USDT,2025-07-06T20:17:22.415Z,0.00009027,9.75671453
249690,258989,completed,BTC,USDT,2025-07-07T06:15:05.744Z,0.00008708,9.43823762
154540,923006,completed,NGN,USDT,2025-07-07T10:10:27.684Z,7723.00000000,4.99808956
261206,778341,completed,BTC,USDT,2025-07-09T18:04:44.870Z,0.00001011,1.09634360
263010,160249,completed,SHIB,USDT,2025-07-10T03:54:55.035Z,987206.57290246,12.22369467
284032,43841,completed,NGN,USDT,2025-07-14T12:34:16.360Z,2641.00000000,1.71295091
289216,1011848,completed,BTC,USDT,2025-07-15T14:36:54.112Z,0.00001565,1.83086458
175627,1031944,completed,NGN,USDT,2025-07-16T00:17:17.362Z,20000.00000000,13.05000543
296638,4395,completed,NGN,USDT,2025-07-17T09:47:23.298Z,15510.00000000,10.05284788
340903,1089365,completed,BTC,USDT,2025-07-27T10:21:38.578Z,0.00001002,1.17590646
359570,877769,completed,NGN,USDT,2025-07-31T13:25:23.225Z,7609.00000000,4.90678947
362260,160249,completed,SOL,USDT,2025-08-01T03:24:39.527Z,0.02042008,3.49059152
375521,785072,completed,BTC,USDT,2025-08-06T22:16:06.858Z,0.00001216,1.39126031
227602,71260,completed,NGN,USDT,2025-08-07T03:33:21.591Z,48400.00000000,31.23610896
386807,101842,completed,SHIB,USDT,2025-08-11T15:35:48.376Z,268728.54985138,3.52044935
252762,1156463,completed,NGN,USDT,2025-09-03T16:42:41.062Z,155500.00000000,101.26417259
405330,305792,completed,BTC,USDT,2025-09-05T02:24:25.765Z,0.00001310,1.44722661
416977,45154,completed,NGN,USDT,2025-09-23T16:58:51.720Z,79950.00000000,52.81434318
417853,494049,completed,BNB,USDT,2025-09-24T19:10:08.575Z,0.00978148,9.86589343
421997,135195,completed,BTC,USDT,2025-10-01T18:09:22.471Z,0.00027067,31.44148403
424786,653800,completed,NGN,USDT,2025-10-06T13:11:14.024Z,152950.00000000,102.67875984
433136,1089365,completed,DOGE,USDT,2025-10-19T20:11:41.500Z,26.37645500,5.16649875
441311,5335,completed,NGN,USDT,2025-11-01T20:39:48.487Z,99959.00000000,68.99415139
442699,130658,completed,NGN,USDT,2025-11-03T13:16:35.043Z,10000.00000000,6.86195099
442755,56904,completed,BNB,USDT,2025-11-03T18:55:25.142Z,0.03702554,36.85853743
289673,538627,cancelled_by_system,NGN,USDT,2025-11-05T13:34:45.118Z,50000.00000000,null
43420,17087,completed,VND,USDT,2025-05-16T15:07:23.042Z,270000.00000000,10.15207232
106865,160249,completed,ADA,USDT,2025-06-01T08:45:54.692Z,16.23147041,10.80545549
114376,160249,completed,ADA,USDT,2025-06-03T10:13:19.104Z,19.13213449,13.21191313
116001,160249,completed,DOGE,USDT,2025-06-03T17:42:36.908Z,38.58920427,7.55440271
156729,892752,completed,SOL,USDT,2025-06-14T11:20:24.072Z,0.06169167,8.94066978
185324,258989,completed,BTC,USDT,2025-06-22T14:01:57.853Z,0.00013189,13.22988714
196830,160249,completed,BTC,USDT,2025-06-25T16:13:15.086Z,0.00004634,4.93810017
216957,184981,completed,BTC,USDT,2025-06-30T09:40:35.011Z,0.00007399,7.90775538
218716,184981,completed,BTC,USDT,2025-06-30T17:48:05.218Z,0.00006598,7.06047623
249692,258989,completed,BTC,USDT,2025-07-07T06:15:52.840Z,0.00008657,9.38388963
261204,778341,completed,BTC,USDT,2025-07-09T18:04:01.889Z,0.00001021,1.10705415
263008,160249,completed,BTC,USDT,2025-07-10T03:54:34.677Z,0.00009333,10.33563828
289214,1011848,completed,BTC,USDT,2025-07-15T14:36:40.949Z,0.00001581,1.84813833
315093,160249,completed,XRP,USDT,2025-07-21T11:45:24.067Z,4.07109816,14.31121341
340901,1089365,completed,BTC,USDT,2025-07-27T10:21:27.354Z,0.00001012,1.18766553
362258,160249,completed,SOL,USDT,2025-08-01T03:24:10.571Z,0.02060491,3.52218615
375525,785072,completed,BTC,USDT,2025-08-06T22:16:28.989Z,0.00001205,1.37865416
398769,457019,completed,BTC,USDT,2025-08-25T19:48:25.696Z,0.00005816,6.42997928
405328,305792,completed,BTC,USDT,2025-09-05T02:24:11.300Z,0.00001323,1.46162137
433134,1089365,completed,DOGE,USDT,2025-10-19T20:11:19.366Z,26.61518243,5.21325958
289672,538627,cancelled_by_system,NGN,USDT,2025-11-05T13:34:05.136Z,21000.00000000,null
283274,160249,completed,NGN,XRP,2025-07-14T09:14:16.870Z,11048.00000000,2.41243509
234796,1148369,completed,NGN,XRP,2025-08-12T09:15:41.549Z,9000.00000000,1.85075906
393823,83154,completed,USDT,XRP,2025-08-17T01:23:33.502Z,586.25866889,188.59550537
396054,1103554,completed,NGN,XRP,2025-08-20T19:57:47.567Z,500000.00000000,108.09431791
414715,1089365,completed,BCH,XRP,2025-09-20T17:35:09.300Z,0.01261328,2.52880595
19174,117973,completed,VND,XTZ,2025-05-10T04:39:19.197Z,600000.00000000,35.42223474
22078,160249,completed,SHIB,ADA,2025-05-11T12:43:24.048Z,1897161.70898283,37.81510665
101735,160249,completed,USDT,ADA,2025-05-30T17:35:23.559Z,17.70795844,25.37225019
101747,160249,completed,USDT,ADA,2025-05-30T17:38:02.118Z,16.78093235,24.02892115
112147,160249,completed,USDT,ADA,2025-06-02T22:23:41.889Z,63.81468112,92.24839912
114413,160249,completed,USDT,ADA,2025-06-03T10:27:24.134Z,11.50235790,16.50712727
171501,184981,completed,BTC,ADA,2025-06-18T16:38:39.878Z,0.00006555,11.44900412
168037,160708,completed,VND,ADA,2025-07-13T02:03:55.360Z,300000.00000000,15.73257331
428561,198450,completed,DOGE,ADA,2025-10-13T07:56:38.937Z,100.00000000,29.10798603
416985,457019,completed,BNB,AVAX,2025-09-23T17:47:36.850Z,0.00170986,0.05003388
100288,183052,completed,VND,AXS,2025-06-12T09:34:58.300Z,300000.00000000,4.54308559
397138,707167,completed,TRX,BCH,2025-08-22T18:36:41.137Z,55.54988600,0.03327981
269051,14782,completed,USDT,BNB,2025-07-11T08:48:32.039Z,15.00000000,0.02173224
341424,160249,completed,BCH,BNB,2025-07-27T12:05:39.032Z,0.00682893,0.00503605
232356,681814,completed,NGN,BNB,2025-08-10T15:29:46.756Z,5000.00000000,0.00403550
393172,1098868,completed,TRX,BNB,2025-08-15T09:05:10.848Z,8.45089000,0.00353408
413618,1059202,completed,SOL,BNB,2025-09-18T22:35:55.540Z,0.04723134,0.01173867
111722,785072,completed,USDT,BTC,2025-06-02T17:34:51.515Z,0.74589662,0.00000712
119991,780088,completed,USDT,BTC,2025-06-04T18:09:45.943Z,0.99329345,0.00000941
166788,160249,completed,USDT,BTC,2025-06-17T11:21:56.345Z,6.77735409,0.00006393
167158,160249,completed,USDT,BTC,2025-06-17T12:59:39.756Z,8.73249362,0.00008245
177479,448774,completed,USDT,BTC,2025-06-20T12:15:56.385Z,5.87502902,0.00005530
178704,448774,completed,USDT,BTC,2025-06-20T17:33:21.008Z,4.27186148,0.00004130
188957,160249,completed,USDT,BTC,2025-06-23T10:50:27.402Z,5.35908319,0.00005276
196798,448774,completed,USDT,BTC,2025-06-25T16:08:52.448Z,0.79645078,0.00000740
214223,778141,completed,USDT,BTC,2025-06-29T20:44:32.196Z,31.52853088,0.00029287
218205,785072,completed,USDT,BTC,2025-06-30T14:43:38.336Z,11.21416528,0.00010411
218764,778341,completed,USDT,BTC,2025-06-30T18:12:31.421Z,10.26661803,0.00009522
218805,778341,completed,USDT,BTC,2025-06-30T18:29:29.843Z,9.79862417,0.00009104
219536,184981,completed,USDT,BTC,2025-07-01T00:10:24.232Z,17.51908385,0.00016306
223324,160249,completed,USDT,BTC,2025-07-01T15:43:17.638Z,3.93219937,0.00003701
258037,723790,completed,USDT,BTC,2025-07-09T05:56:08.936Z,1.74857380,0.00001603
199717,467810,completed,NGN,BTC,2025-07-25T10:26:58.559Z,51000.00000000,0.00028456
341283,1089365,completed,USDT,BTC,2025-07-27T11:33:03.796Z,1.74585831,0.00001471
355727,258989,completed,USDT,BTC,2025-07-30T15:32:06.753Z,4.84625908,0.00004088
365215,160249,completed,USDT,BTC,2025-08-01T22:15:41.565Z,4.43969302,0.00003895
371208,17087,completed,USDT,BTC,2025-08-04T18:20:42.431Z,15.00000000,0.00012981
227044,1025806,completed,NGN,BTC,2025-08-06T17:27:02.875Z,50050.00000000,0.00028052
380070,1138303,completed,NGN,BTC,2025-08-08T23:24:07.063Z,294971.00000000,0.00163178
396387,258989,completed,USDT,BTC,2025-08-21T07:36:22.335Z,1.81025092,0.00001585
398266,258989,completed,USDT,BTC,2025-08-24T11:24:28.459Z,0.35698619,0.00000309
399827,184981,completed,USDT,BTC,2025-08-27T09:59:20.789Z,6.67192318,0.00006009
401404,1162264,completed,USDT,BTC,2025-08-29T14:56:10.099Z,2.33803335,0.00002153
402342,786259,completed,USDT,BTC,2025-08-31T02:21:49.972Z,1.36927091,0.00001249
402599,786259,completed,USDT,BTC,2025-08-31T13:43:36.135Z,1.14002292,0.00001048
404337,457019,completed,USDT,BTC,2025-09-03T09:02:07.169Z,6.67632769,0.00005999
404524,457019,completed,USDT,BTC,2025-09-03T19:04:13.588Z,6.14637041,0.00005478
51877,660595,completed,NGN,DOGE,2025-05-18T13:32:23.297Z,4827.00000000,13.22173741
143663,160249,completed,USDT,ETH,2025-06-11T13:13:33.704Z,14.86613895,0.00527758
145492,160249,completed,SHIB,ETH,2025-06-12T00:21:26.709Z,466635.79152540,0.00216271
149885,258989,completed,USDT,ETH,2025-06-12T22:33:33.645Z,14.05704700,0.00529048
140713,1793,completed,NGN,ETH,2025-07-02T11:59:56.374Z,14000.00000000,0.00367885
330991,1054153,completed,USDT,ETH,2025-07-25T00:52:46.908Z,3.00000000,0.00081555
341453,23861,completed,NGN,ETH,2025-07-27T12:18:38.490Z,9950.00000000,0.00168410
277237,137,completed,NGN,ETH,2025-10-12T02:07:13.519Z,5600.00000000,0.00100494
281196,207507,completed,NGN,KAI,2025-10-19T12:49:43.539Z,5000.00000000,4055.43729703
426361,5360,completed,BTC,LTC,2025-10-09T10:49:54.067Z,0.00016319,0.16929395
287728,1054153,completed,NGN,LTC,2025-11-01T00:39:34.699Z,5000.00000000,0.03586818
408138,457019,completed,AVAX,NEAR,2025-09-09T12:14:03.799Z,0.06313599,0.59511519
92039,184981,completed,USDT,SHIB,2025-05-28T08:27:28.746Z,1.00237979,69852.31354311
110123,448774,completed,USDT,SHIB,2025-06-02T09:42:14.913Z,9.26505105,723853.68008997
128278,184981,completed,USDT,SHIB,2025-06-06T18:41:37.050Z,7.29319466,580839.84153749
154028,184981,completed,SOL,SHIB,2025-06-13T16:30:42.481Z,0.05877046,718498.71118197
117943,32816,completed,NGN,SHIB,2025-06-20T16:21:44.402Z,1500.00000000,81679.30668417
264830,160249,completed,USDT,SHIB,2025-07-10T10:40:52.911Z,9.24552183,733381.56556413
410652,1066132,completed,USDT,SHIB,2025-09-14T13:06:25.898Z,1.26355073,91264.68299390
415607,785072,completed,BTC,SHIB,2025-09-21T22:07:11.022Z,0.00000958,85454.11054224
306505,18229,completed,VND,SOL,2025-07-19T10:21:48.667Z,111421.00000000,0.02381600
371880,1072039,completed,USDT,SOL,2025-08-05T04:58:47.980Z,18.94022035,0.11253311
405689,134159,completed,USDT,SOL,2025-09-05T13:19:33.768Z,12.00000000,0.05715950
401199,5360,completed,NGN,TRX,2025-08-29T11:32:07.449Z,19950.00000000,38.09619675
98745,5094,completed,USDT,UNI,2025-05-30T05:15:47.144Z,206.63378679,31.50288997
169093,884896,completed,ADA,USDC,2025-06-18T03:17:51.852Z,7.89123866,4.79925089
426390,300616,completed,BTC,USDC,2025-10-09T13:57:22.229Z,0.00113894,139.11649671
42954,205376,completed,VND,USDT,2025-05-16T13:05:41.761Z,300000.00000000,11.31007600
59170,549,completed,NGN,USDT,2025-05-23T11:46:17.990Z,16507.00000000,10.20072495
77653,205376,completed,VND,USDT,2025-05-24T14:35:34.750Z,270000.00000000,10.20435895
92707,160249,completed,SHIB,USDT,2025-05-28T10:57:46.707Z,780156.96299540,11.03810084
113450,160249,completed,SHIB,USDT,2025-06-03T06:13:21.692Z,2454544.55812670,32.21919730
113759,780088,completed,NGN,USDT,2025-06-03T07:31:38.009Z,11595.00000000,7.30086779
85471,69249,completed,NGN,USDT,2025-06-04T16:29:05.454Z,5000.00000000,3.14147807
86494,85289,completed,NGN,USDT,2025-06-05T08:02:33.161Z,18000.00000000,11.31561750
124494,160249,completed,ADA,USDT,2025-06-05T19:24:36.087Z,15.33550281,9.82390355
132555,160249,completed,SOL,USDT,2025-06-08T07:31:40.555Z,0.08467047,12.64436104
135968,160249,completed,LTC,USDT,2025-06-09T09:31:17.924Z,0.12389080,10.80353448
141239,160249,completed,ETH,USDT,2025-06-10T17:15:56.422Z,0.00166924,4.55310268
100816,13046,cancelled_by_system,NGN,USDT,2025-06-12T12:17:52.374Z,5000.00000000,null
154304,840940,completed,SOL,USDT,2025-06-13T19:33:26.404Z,0.04328983,6.25347360
162651,731910,completed,BTC,USDT,2025-06-16T08:35:29.958Z,0.00004392,4.66951099
167380,160249,completed,BTC,USDT,2025-06-17T14:00:32.554Z,0.00005528,5.78524811
167637,160249,completed,BTC,USDT,2025-06-17T14:53:13.314Z,0.00018618,19.47723324
180491,448774,completed,BTC,USDT,2025-06-21T08:03:15.563Z,0.00002301,2.36525833
197399,184981,completed,BTC,USDT,2025-06-25T22:19:45.171Z,0.00008113,8.65646381
197482,931625,completed,BTC,USDT,2025-06-25T23:02:38.409Z,0.00008481,9.03226906
203284,931625,completed,BTC,USDT,2025-06-27T07:34:26.664Z,0.00003168,3.38415988
208627,195081,completed,BTC,USDT,2025-06-28T11:44:07.690Z,0.00298985,318.84000000
209936,160249,completed,BTC,USDT,2025-06-28T17:10:28.235Z,0.00009306,9.95689458
133717,933672,completed,NGN,USDT,2025-06-29T09:46:09.139Z,6000.00000000,3.81796763
229823,68655,completed,LTC,USDT,2025-07-03T00:33:57.553Z,0.01800169,1.56638374
247578,160249,completed,BTC,USDT,2025-07-06T14:41:36.654Z,0.00035197,38.17775870
262754,778341,completed,BTC,USDT,2025-07-10T02:38:16.685Z,0.00000784,0.86753883
272449,211470,completed,VND,USDT,2025-07-12T01:17:52.737Z,270000.00000000,10.27843029
272647,52005,completed,DOGE,USDT,2025-07-12T02:12:17.009Z,4.86998705,0.98550709
170083,1031944,completed,NGN,USDT,2025-07-13T22:28:02.342Z,20000.00000000,12.94303053
292561,160249,completed,BTC,USDT,2025-07-16T11:27:43.093Z,0.00008745,10.32250497
303337,56234,completed,ONUS,USDT,2025-07-18T15:24:32.044Z,5.09139498,3.48209543
324723,778141,completed,SHIB,USDT,2025-07-23T16:22:27.535Z,718947.41750235,10.12864590
324855,939709,completed,SOL,USDT,2025-07-23T17:09:44.339Z,0.03278883,6.11910032
195427,1034486,completed,NGN,USDT,2025-07-23T20:47:11.027Z,13000.00000000,8.44611808
341266,1089365,completed,BTC,USDT,2025-07-27T11:30:34.313Z,0.00001599,1.88015522
364925,160249,completed,XRP,USDT,2025-08-01T19:00:30.840Z,4.06031961,12.17340375
379503,780088,completed,SOL,USDT,2025-08-08T12:59:08.563Z,0.00839867,1.47483501
235589,97619,completed,NGN,USDT,2025-08-12T17:22:51.241Z,50000.00000000,32.34014332
402350,786259,completed,BTC,USDT,2025-08-31T02:28:17.526Z,0.00001216,1.32086008
404553,457019,completed,BTC,USDT,2025-09-03T20:22:23.816Z,0.00005330,5.93279398
404576,457019,completed,BTC,USDT,2025-09-03T20:40:47.721Z,0.00004866,5.41670279
405063,457019,completed,BTC,USDT,2025-09-04T14:46:41.424Z,0.00004719,5.15440777
407453,723790,completed,XRP,USDT,2025-09-08T14:08:04.391Z,3.59897200,10.69999804
256384,1057915,completed,NGN,USDT,2025-09-08T19:15:21.755Z,309952.00000000,203.71462242
409209,1066132,completed,BTC,USDT,2025-09-11T19:39:48.619Z,0.00002522,2.86631620
421200,1171041,completed,BTC,USDT,2025-09-30T06:32:49.794Z,0.00004487,5.07796132
273638,5034,cancelled,NGN,USDT,2025-10-05T12:12:42.776Z,20000.00000000,null
443516,1793,completed,ETH,USDT,2025-11-08T06:24:21.439Z,0.03700000,126.62757865
290207,932317,completed,NGN,USDT,2025-11-11T08:08:01.451Z,133500.00000000,90.96838002
42955,205376,completed,VND,USDT,2025-05-16T13:05:57.326Z,413000.00000000,15.57029573
77652,205376,completed,VND,USDT,2025-05-24T14:35:26.607Z,270000.00000000,10.20436732
113448,160249,completed,SHIB,USDT,2025-06-03T06:12:58.406Z,2476756.00063461,32.51075262
124492,160249,completed,ADA,USDT,2025-06-05T19:24:16.463Z,15.47430367,9.91281920
132553,160249,completed,SOL,USDT,2025-06-08T07:30:59.673Z,0.08543682,12.75880520
135970,160249,completed,LTC,USDT,2025-06-09T09:31:33.019Z,0.12277954,10.71534525
144487,184981,completed,ETH,USDT,2025-06-11T17:12:40.474Z,0.00753117,21.33338517
160507,731910,completed,BTC,USDT,2025-06-15T12:34:27.363Z,0.00009429,9.83503256
162649,731910,completed,BTC,USDT,2025-06-16T08:35:15.611Z,0.00004433,4.71180965
167382,160249,completed,BTC,USDT,2025-06-17T14:00:52.060Z,0.00005478,5.73281701
167635,160249,completed,BTC,USDT,2025-06-17T14:52:57.722Z,0.00018780,19.64599886
180493,448774,completed,BTC,USDT,2025-06-21T08:03:45.777Z,0.00002279,2.34256997
197397,184981,completed,BTC,USDT,2025-06-25T22:19:32.304Z,0.00008186,8.73539041
203282,931625,completed,BTC,USDT,2025-06-27T07:34:12.458Z,0.00003197,3.41519740
247576,160249,completed,BTC,USDT,2025-07-06T14:41:23.181Z,0.00035516,38.52341998
262756,778341,completed,BTC,USDT,2025-07-10T02:38:43.361Z,0.00000776,0.85830810
292559,160249,completed,BTC,USDT,2025-07-16T11:27:28.427Z,0.00008826,10.41632457
185791,1059829,completed,NGN,USDT,2025-07-19T15:16:01.782Z,247950.00000000,161.43296454
341264,1089365,completed,BTC,USDT,2025-07-27T11:30:20.954Z,0.00001614,1.89782585
402352,786259,completed,BTC,USDT,2025-08-31T02:28:36.505Z,0.00001205,1.30888106
402515,96194,completed,VND,USDT,2025-08-31T07:23:36.879Z,300000.00000000,11.07574977
407509,428077,completed,XRP,USDT,2025-09-08T16:44:50.439Z,32.67396960,96.60137280
421198,1171041,completed,BCH,USDT,2025-09-30T06:32:33.237Z,0.00920772,5.12441238
77651,205376,completed,VND,USDT,2025-05-24T14:35:18.732Z,270000.00000000,10.20437569
113452,160249,completed,SHIB,USDT,2025-06-03T06:13:38.285Z,2432476.83596471,31.93025612
144485,184981,completed,ETH,USDT,2025-06-11T17:12:21.426Z,0.00759934,21.52647844
160505,731910,completed,BTC,USDT,2025-06-15T12:34:13.752Z,0.00009514,9.92431027
167378,160249,completed,BTC,USDT,2025-06-17T14:00:19.335Z,0.00005578,5.83767922
197395,184981,completed,BTC,USDT,2025-06-25T22:19:18.191Z,0.00008261,8.81458788
292557,160249,completed,BTC,USDT,2025-07-16T11:27:10.962Z,0.00008907,10.51281261
341262,1089365,completed,BTC,USDT,2025-07-27T11:30:05.272Z,0.00001629,1.91549648
273448,117973,completed,VND,XLM,2025-07-12T07:26:33.114Z,300000.00000000,29.80959491
389044,305792,completed,USDT,XRP,2025-08-12T15:15:46.453Z,2.61087796,0.80977059
123427,780088,completed,USDT,XTZ,2025-06-05T13:27:36.709Z,2.89541222,4.99412134
314491,4485,completed,USDT,XTZ,2025-07-21T09:09:21.241Z,1.98730892,1.85921467
73790,160249,completed,NGN,ADA,2025-05-23T15:38:57.431Z,10724.00000000,8.44405941
367786,850378,completed,SOL,ADA,2025-08-03T05:41:37.344Z,0.02348825,5.25477154
144290,210952,completed,BTC,AVAX,2025-06-11T15:50:41.320Z,0.00000778,0.03750527
277598,137,completed,NGN,AVAX,2025-10-12T15:55:27.942Z,300.00000000,0.00890155
88475,784477,completed,UNI,BNB,2025-05-27T07:18:18.810Z,11.35011400,0.10877206
117910,526290,completed,POL,BNB,2025-06-04T09:20:10.539Z,77.00000000,0.02496756
263279,1152856,completed,NGN,BNB,2025-09-19T13:38:14.369Z,9950.00000000,0.00662289
132530,432567,completed,USDT,BTC,2025-06-08T07:23:33.869Z,53.38076809,0.00050466
150883,258989,completed,USDT,BTC,2025-06-13T01:58:24.148Z,6.23760113,0.00005984
171381,184981,completed,ADA,BTC,2025-06-18T15:45:09.271Z,19.51340253,0.00011056
186447,931625,completed,USDT,BTC,2025-06-22T21:44:42.873Z,5.28051955,0.00005300
187513,160249,completed,USDT,BTC,2025-06-23T03:54:50.554Z,11.30048950,0.00011136
196987,457019,completed,USDT,BTC,2025-06-25T17:56:20.472Z,1.75787244,0.00001635
201921,931625,completed,USDT,BTC,2025-06-26T20:05:10.565Z,7.17810831,0.00006663
212754,448774,completed,USDT,BTC,2025-06-29T10:52:46.407Z,1.02307920,0.00000942
213885,448774,completed,USDT,BTC,2025-06-29T17:25:11.560Z,0.77346990,0.00000717
217902,778341,completed,USDT,BTC,2025-06-30T13:29:59.855Z,13.45711838,0.00012430
218273,184981,completed,ETH,BTC,2025-06-30T15:11:48.801Z,0.00595163,0.00013518
219386,778341,completed,USDT,BTC,2025-06-30T23:11:19.788Z,7.13365073,0.00006640
239269,156925,completed,NGN,BTC,2025-07-04T17:40:02.485Z,27102.00000000,0.00016234
239318,931625,completed,USDT,BTC,2025-07-04T18:12:23.310Z,2.18694400,0.00002023
262785,778341,completed,USDT,BTC,2025-07-10T02:46:36.911Z,0.82269031,0.00000737
263205,160249,completed,USDT,BTC,2025-07-10T04:32:55.275Z,8.43907635,0.00007581
271593,778341,completed,USDT,BTC,2025-07-11T20:21:33.049Z,0.58485166,0.00000494
316743,160249,completed,USDT,BTC,2025-07-21T20:37:31.692Z,2.81193495,0.00002383
341741,1089365,completed,USDT,BTC,2025-07-27T13:20:30.436Z,1.55510189,0.00001312
343209,258989,completed,USDT,BTC,2025-07-27T23:58:52.770Z,8.48723632,0.00007092
355866,258989,completed,USDT,BTC,2025-07-30T16:31:07.427Z,3.26298030,0.00002759
396015,693664,completed,USDT,BTC,2025-08-20T17:16:43.421Z,59.74000000,0.00052293
396542,1157032,completed,NGN,BTC,2025-08-21T18:56:21.101Z,266555.00000000,0.00152868
402240,258989,completed,XRP,BTC,2025-08-30T20:20:57.316Z,0.80818750,0.00002073
404486,786259,completed,USDT,BTC,2025-09-03T18:07:24.895Z,0.61895125,0.00000549
409706,1066132,completed,USDT,BTC,2025-09-12T11:44:07.204Z,2.05269227,0.00001781
412196,448774,completed,USDT,BTC,2025-09-16T20:39:19.946Z,0.41954756,0.00000358
101831,160249,completed,USDT,DOGE,2025-05-30T18:08:55.802Z,12.96506192,65.27382284
145658,160249,completed,SHIB,DOGE,2025-06-12T01:26:56.182Z,509811.27444206,34.03568458
252946,117891,completed,VND,DOGE,2025-07-07T23:54:47.954Z,450000.00000000,101.16903317
384751,966804,completed,SOL,DOGE,2025-08-10T22:00:06.010Z,0.02013837,15.77891748
115911,160249,completed,USDT,ETH,2025-06-03T17:19:57.133Z,11.31872006,0.00430805
146197,448774,completed,USDT,ETH,2025-06-12T04:10:41.808Z,12.08315893,0.00434119
149121,160249,completed,USDT,ETH,2025-06-12T15:29:11.746Z,14.95738339,0.00540899
164549,731910,completed,USDT,ETH,2025-06-16T18:26:16.210Z,3.74138856,0.00141226
166358,160249,completed,USDT,ETH,2025-06-17T09:16:10.081Z,33.94452203,0.01315450
223552,931625,completed,USDT,ETH,2025-07-01T16:28:24.801Z,3.94316060,0.00161702
143023,222258,completed,VND,ETH,2025-07-03T00:36:51.214Z,1500000.00000000,0.02201387
190675,225924,completed,VND,KAI,2025-07-21T17:48:58.211Z,260000.00000000,8905.79807905
100018,252626,completed,VND,LTC,2025-05-30T10:00:57.493Z,50000.00000000,0.02093004
128701,811702,completed,VND,LTC,2025-06-26T13:29:16.231Z,310000.00000000,0.13814553
433688,43841,completed,USDT,LTC,2025-10-21T03:46:29.790Z,30.00000000,0.31940250
290389,1054153,completed,NGN,LTC,2025-11-12T23:41:37.562Z,5700.00000000,0.03983377
28513,117439,completed,USDT,SHIB,2025-05-13T08:01:13.538Z,4.18190317,271605.41578478
92455,160249,completed,USDT,SHIB,2025-05-28T09:58:56.480Z,12.64888122,884243.39744167
110826,184981,completed,USDT,SHIB,2025-06-02T12:38:41.516Z,0.84887690,66176.26643550
128269,184981,completed,USDT,SHIB,2025-06-06T18:39:30.753Z,7.56136039,602154.70175047
149249,795994,completed,USDT,SHIB,2025-06-12T16:17:22.360Z,15.40004692,1223268.44008303
360724,5094,completed,NGN,SHIB,2025-07-31T17:42:27.589Z,399950.00000000,19965668.64951721
401783,160249,completed,USDT,SHIB,2025-08-30T04:47:28.438Z,5.90436667,474879.86996970
413333,1089365,completed,USDT,SHIB,2025-09-18T05:20:54.497Z,5.08415573,375477.25458037
143361,160249,completed,USDT,SOL,2025-06-11T11:39:47.155Z,35.38010957,0.21374072
154423,892752,completed,USDT,SOL,2025-06-13T21:47:22.919Z,13.02840008,0.08823743
243601,387159,completed,NGN,SOL,2025-08-21T23:36:43.087Z,29950.00000000,0.10670920
218927,778141,completed,USDT,TRX,2025-06-30T19:27:38.453Z,12.35028228,44.17237806
245688,895589,completed,USDT,TRX,2025-07-06T09:40:42.180Z,11.32108842,39.71415769
404978,1145926,completed,DOGE,TRX,2025-09-04T08:59:47.202Z,30.36865260,19.05665688
422027,160249,completed,USDT,TRX,2025-10-01T20:08:08.375Z,10.43214764,30.46530332
192292,938521,completed,NGN,UNI,2025-07-22T13:59:46.083Z,10000.00000000,0.62840649
56959,160249,completed,ADA,USDT,2025-05-20T00:12:26.903Z,9.81811277,7.27472456
77656,160249,completed,SHIB,USDT,2025-05-24T14:37:00.163Z,1200875.31951089,17.17648872
111997,160249,completed,SHIB,USDT,2025-06-02T21:05:35.829Z,4720850.40262350,60.99971170
115494,840940,completed,ETH,USDT,2025-06-03T15:33:40.258Z,0.00409206,10.73953892
115827,160249,completed,ETH,USDT,2025-06-03T16:57:24.676Z,0.00618082,16.08199416
119930,205428,completed,VND,USDT,2025-06-04T17:26:19.664Z,1181095.00000000,44.94752575
123945,17087,completed,VND,USDT,2025-06-05T15:54:24.043Z,1242579.00000000,47.21384138
140482,4281,completed,VND,USDT,2025-06-10T13:23:48.398Z,100000.00000000,3.80394530
151088,723790,completed,BTC,USDT,2025-06-13T02:40:16.752Z,0.00003156,3.25812253
153023,7142,completed,NGN,USDT,2025-06-13T12:16:40.399Z,15950.00000000,10.14147268
161274,731910,completed,LTC,USDT,2025-06-15T16:43:36.192Z,0.05887349,5.04036495
164337,160249,completed,BTC,USDT,2025-06-16T16:48:20.833Z,0.00015555,16.65049972
164446,160249,completed,BTC,USDT,2025-06-16T17:30:25.442Z,0.00011760,12.60916220
167622,258989,completed,BTC,USDT,2025-06-17T14:50:41.545Z,0.00011364,11.89056231
175336,160249,completed,BTC,USDT,2025-06-19T21:00:22.732Z,0.00010287,10.65263563
180773,795994,completed,BTC,USDT,2025-06-21T09:57:52.947Z,0.00006968,7.21232247
180874,160249,completed,NGN,USDT,2025-06-21T10:15:21.010Z,15318.00000000,9.64420848
187338,160249,completed,BTC,USDT,2025-06-23T01:54:41.677Z,0.00005325,5.34743909
192451,160249,completed,ETH,USDT,2025-06-24T11:40:22.488Z,0.00528582,12.66570321
193819,448774,completed,BTC,USDT,2025-06-24T20:46:45.140Z,0.00003669,3.86126118
203514,931625,completed,BTC,USDT,2025-06-27T08:08:38.981Z,0.00004831,5.14427905
209573,160249,completed,BTC,USDT,2025-06-28T15:31:09.165Z,0.00011320,12.04982893
211105,160249,completed,BTC,USDT,2025-06-29T02:34:29.603Z,0.00009600,10.24986156
212853,448774,completed,BTC,USDT,2025-06-29T11:13:12.217Z,0.00000924,0.99228744
218239,778141,completed,LTC,USDT,2025-06-30T15:02:46.329Z,0.18711567,15.83100850
219165,174195,completed,BTC,USDT,2025-06-30T21:34:07.498Z,0.00009918,10.57329602
231892,51333,completed,LTC,USDT,2025-07-03T09:20:54.880Z,0.09858846,8.90019095
249715,448774,completed,BTC,USDT,2025-07-07T06:22:00.694Z,0.00000896,0.97100089
263210,160249,completed,BTC,USDT,2025-07-10T04:33:36.263Z,0.00007581,8.36359247
263222,211470,completed,VND,USDT,2025-07-10T04:34:54.784Z,270000.00000000,10.23472266
285331,258989,completed,BTC,USDT,2025-07-14T17:51:45.364Z,0.00008000,9.53593742
316742,160249,completed,NGN,USDT,2025-07-21T20:37:00.682Z,4327.00000000,2.81193495
364845,757582,completed,NGN,USDT,2025-08-01T16:56:02.140Z,17014.00000000,11.00007644
364943,160249,completed,XRP,USDT,2025-08-01T19:06:49.714Z,3.74405890,11.21710708
365098,160249,completed,ETH,USDT,2025-08-01T21:31:35.216Z,0.00202260,7.13546114
389764,51333,completed,SOL,USDT,2025-08-13T03:17:37.471Z,0.02117615,4.17952416
398624,179006,completed,NGN,USDT,2025-08-25T10:42:09.167Z,2788.00000000,1.80165758
77658,160249,completed,SHIB,USDT,2025-05-24T14:37:28.255Z,1190104.83041068,17.02243504
115496,840940,completed,ETH,USDT,2025-06-03T15:33:55.089Z,0.00405647,10.64320634
115829,160249,completed,ETH,USDT,2025-06-03T16:57:39.155Z,0.00612538,15.92887340
119926,205428,completed,VND,USDT,2025-06-04T17:25:58.654Z,1203823.00000000,45.81245819
153022,840940,completed,SOL,USDT,2025-06-13T12:16:05.428Z,0.02495034,3.61225299
161272,731910,completed,LTC,USDT,2025-06-15T16:43:04.207Z,0.05940635,5.08598545
164335,160249,completed,BTC,USDT,2025-06-16T16:48:05.207Z,0.00015696,16.80173139
164448,160249,completed,BTC,USDT,2025-06-16T17:30:37.196Z,0.00011654,12.49635017
167618,160249,completed,BTC,USDT,2025-06-17T14:50:10.363Z,0.00019592,20.50052866
175338,160249,completed,BTC,USDT,2025-06-19T21:00:41.366Z,0.00010194,10.55717074
180771,795994,completed,BTC,USDT,2025-06-21T09:57:29.674Z,0.00007032,7.27863473
187334,160249,completed,BTC,USDT,2025-06-23T01:54:08.304Z,0.00005426,5.44441333
193817,448774,completed,BTC,USDT,2025-06-24T20:46:00.374Z,0.00003704,3.89662291
203512,931625,completed,BTC,USDT,2025-06-27T08:08:20.364Z,0.00004875,5.19122953
209577,160249,completed,BTC,USDT,2025-06-28T15:31:34.417Z,0.00011117,11.83343293
211103,160249,completed,BTC,USDT,2025-06-29T02:34:17.575Z,0.00009687,10.34293514
249714,160249,completed,BTC,USDT,2025-07-07T06:21:58.840Z,0.00004669,5.06137438
263209,211470,completed,VND,USDT,2025-07-10T04:33:30.734Z,270000.00000000,10.23231433
263221,211470,completed,VND,USDT,2025-07-10T04:34:47.079Z,270000.00000000,10.23613597
364941,160249,completed,XRP,USDT,2025-08-01T19:06:30.456Z,3.77794590,11.31863171
365096,160249,completed,ETH,USDT,2025-08-01T21:31:16.986Z,0.00204091,7.20007992
115489,840940,completed,ETH,USDT,2025-06-03T15:33:16.868Z,0.00416647,10.94242972
119932,160249,completed,SHIB,USDT,2025-06-04T17:26:45.434Z,3313158.60236903,42.96355957
164339,160249,completed,BTC,USDT,2025-06-16T16:48:38.248Z,0.00015415,16.50034061
167617,258989,completed,BTC,USDT,2025-06-17T14:50:05.573Z,0.00011403,11.93153466
175334,160249,completed,BTC,USDT,2025-06-19T20:59:59.238Z,0.00010381,10.75016807
187336,160249,completed,BTC,USDT,2025-06-23T01:54:24.919Z,0.00005375,5.39663479
209575,160249,completed,BTC,USDT,2025-06-28T15:31:22.481Z,0.00011218,11.94209831
263214,160249,completed,BTC,USDT,2025-07-10T04:33:50.726Z,0.00007513,8.28836675
263220,211470,completed,VND,USDT,2025-07-10T04:34:39.839Z,270000.00000000,10.23754958
364939,160249,completed,XRP,USDT,2025-08-01T19:06:13.936Z,3.81213961,11.42107521
250542,21493,completed,NGN,USDT,2025-08-31T18:33:51.695Z,20000.00000000,12.95457081
404584,707522,completed,NGN,USDT,2025-09-03T21:06:56.744Z,4809565.00000000,3132.95302461
259967,200487,completed,NGN,USDT,2025-09-14T21:13:40.694Z,25000.00000000,16.42785148
411238,1089365,completed,BTC,USDT,2025-09-15T11:29:58.213Z,0.00005536,6.32091899
418742,1171041,completed,BTC,USDT,2025-09-26T08:17:40.080Z,0.00006201,6.74334712
419599,258989,completed,BTC,USDT,2025-09-27T17:53:25.822Z,0.00001013,1.10014345
423772,23417,completed,XRP,USDT,2025-10-04T15:58:04.329Z,2.18893724,6.42892600
277074,19731,completed,NGN,USDT,2025-10-11T15:05:08.741Z,29950.00000000,20.06115251
433078,1089365,completed,BTC,USDT,2025-10-19T14:17:42.016Z,0.00005071,5.44556732
441251,1793,completed,ETH,USDT,2025-11-01T15:00:22.300Z,0.03416600,131.33678521
395416,534337,completed,NGN,XLM,2025-08-19T16:58:55.697Z,3149.00000000,5.10416938
371140,160249,completed,USDT,XRP,2025-08-04T16:45:49.547Z,7.59348016,2.47057503
433954,3935,completed,ADA,XRP,2025-10-21T17:44:19.472Z,1.09123578,0.29095487
434441,163442,completed,NGN,XRP,2025-10-22T15:44:56.642Z,1508.00000000,0.41721319
23629,160249,completed,SHIB,ADA,2025-05-12T01:20:06.402Z,1149923.50113150,22.70346527
85287,160249,completed,USDT,ADA,2025-05-26T12:42:37.974Z,55.91593744,72.48691711
145274,184981,completed,SHIB,ADA,2025-06-11T23:45:23.932Z,553581.84109026,10.18740135
434851,51634,completed,NGN,AXS,2025-10-23T15:49:47.761Z,99950.00000000,42.82509460
390724,697027,completed,USDT,BCH,2025-08-13T11:03:50.046Z,28.43441977,0.04626060
395362,707167,completed,USDT,BCH,2025-08-19T13:32:56.134Z,34.45372139,0.06062113
400093,1138171,completed,LINK,BNB,2025-08-28T01:12:09.671Z,1.04453897,0.02890853
433100,29360,completed,USDT,BNB,2025-10-19T16:42:03.045Z,2.64458552,0.00234750
172569,258989,completed,USDT,BTC,2025-06-19T06:03:11.405Z,14.46360546,0.00013726
180760,795994,completed,USDT,BTC,2025-06-21T09:54:38.797Z,7.68547762,0.00007358
201992,931625,completed,USDT,BTC,2025-06-26T20:41:05.598Z,5.58441956,0.00005166
214290,778141,completed,USDT,BTC,2025-06-29T21:24:46.315Z,24.72823747,0.00022943
218650,184981,completed,USDT,BTC,2025-06-30T17:12:36.742Z,7.79075405,0.00007224
218760,778341,completed,USDT,BTC,2025-06-30T18:11:34.903Z,10.45398461,0.00009695
237483,184981,completed,USDT,BTC,2025-07-04T10:35:48.706Z,17.57999104,0.00016103
249693,258989,completed,USDT,BTC,2025-07-07T06:16:17.665Z,9.38388963,0.00008579
260328,723790,completed,USDT,BTC,2025-07-09T14:01:47.844Z,2.02993572,0.00001853
249250,39079,completed,NGN,BTC,2025-08-29T13:56:32.019Z,49000.00000000,0.00028966
401485,786259,completed,USDT,BTC,2025-08-29T17:24:31.695Z,1.55761296,0.00001432
405184,723790,completed,USDT,BTC,2025-09-04T23:01:40.987Z,50.19999967,0.00044853
412072,1089365,completed,BCH,BTC,2025-09-16T17:41:53.107Z,0.00939635,0.00004803
412141,1089365,completed,LTC,BTC,2025-09-16T18:17:59.715Z,0.08532735,0.00008410
414495,258989,completed,USDT,BTC,2025-09-20T06:36:17.638Z,1.10042992,0.00000949
264068,267174,cancelled_by_system,NGN,BTC,2025-09-20T20:07:00.705Z,1500000.00000000,null
265652,1178136,completed,VND,BTC,2025-09-23T06:56:38.784Z,1000000.00000000,0.00032737
416824,4930,completed,USDT,BTC,2025-09-23T13:04:19.571Z,3.29995436,0.00002915
180758,795994,completed,USDT,BTC,2025-06-21T09:54:13.149Z,7.75600562,0.00007425
201994,931625,completed,USDT,BTC,2025-06-26T20:41:53.737Z,5.53379393,0.00005120
218648,184981,completed,USDT,BTC,2025-06-30T17:12:08.366Z,7.86210177,0.00007290
237481,184981,completed,USDT,BTC,2025-07-04T10:35:30.515Z,17.74043000,0.00016250
249695,258989,completed,USDT,BTC,2025-07-07T06:16:51.582Z,9.29917396,0.00008502
260325,723790,completed,USDT,BTC,2025-07-09T14:01:32.727Z,2.04870611,0.00001870
412070,1089365,completed,BCH,BTC,2025-09-16T17:41:25.842Z,0.00953301,0.00004872
412143,1089365,completed,LTC,BTC,2025-09-16T18:18:35.046Z,0.08413169,0.00008292
29305,400823,completed,VND,DOGE,2025-05-13T08:16:22.696Z,9000000.00000000,1496.64661270
127623,54463,completed,USDT,DOGE,2025-06-06T14:42:48.017Z,7.57374436,41.40574371
144706,210952,completed,DOGE,ETC,2025-06-11T19:33:23.941Z,3.94967903,0.04179987
443376,137,completed,USDT,ETC,2025-11-07T00:52:05.289Z,1.50000000,0.10101838
116380,160249,completed,USDT,ETH,2025-06-03T20:44:35.862Z,18.29336639,0.00697257
116391,160249,completed,USDT,ETH,2025-06-03T20:54:28.616Z,17.48744438,0.00666539
146100,160249,completed,USDT,ETH,2025-06-12T03:49:39.490Z,15.08763198,0.00540879
279980,839686,completed,NGN,ETH,2025-10-16T16:32:55.789Z,500.00000000,0.00008668
277026,137,completed,NGN,KAI,2025-10-11T12:16:35.861Z,11050.00000000,8502.07994038
56645,160249,completed,USDT,LTC,2025-05-19T20:09:52.269Z,5.17338392,0.05206085
57037,160249,completed,USDT,LTC,2025-05-20T00:26:42.090Z,7.04659061,0.07097953
198001,574465,completed,NGN,LTC,2025-07-24T19:00:25.861Z,11000.00000000,0.06247177
403726,574465,completed,USDT,LTC,2025-09-02T07:00:12.096Z,11.50000000,0.10293637
282849,5331,completed,NGN,LTC,2025-10-22T20:12:08.237Z,6000.00000000,0.04268099
289811,94676,completed,NGN,LTC,2025-11-07T12:39:43.258Z,4800.00000000,0.03762336
353464,28918,completed,USDT,NEAR,2025-07-30T07:22:02.875Z,135.50075909,49.78658077
240210,1086526,completed,NGN,POL,2025-08-16T10:42:02.082Z,15400.00000000,42.71030191
222128,778141,completed,BCH,S,2025-07-01T10:28:21.537Z,0.01753437,29.71133137
31615,150972,completed,XLM,SHIB,2025-05-14T01:12:43.346Z,12.74137865,242898.42328368
75043,34022,completed,VND,SHIB,2025-05-24T02:01:12.402Z,2500000.00000000,6516669.70222709
99963,160249,completed,USDT,SHIB,2025-05-30T09:45:02.632Z,7.77725351,583952.23377870
112129,160249,completed,USDT,SHIB,2025-06-02T22:17:15.933Z,54.13961033,4095639.51932007
175594,428077,completed,SOL,SHIB,2025-06-20T01:29:39.445Z,0.00600000,75247.80875875
256683,314327,completed,USDT,SHIB,2025-07-08T18:33:56.004Z,1.48654544,124234.65140269
405279,723790,completed,S,SHIB,2025-09-05T01:25:57.149Z,26.58666950,658292.90983996
152997,840940,completed,USDT,SOL,2025-06-13T12:09:47.833Z,4.02351398,0.02754996
157151,723790,completed,USDT,SOL,2025-06-14T13:50:32.225Z,5.05494088,0.03463916
301390,75050,completed,NGN,SOL,2025-07-18T09:13:02.757Z,9950.00000000,0.03592035
395404,1120450,completed,USDT,SOL,2025-08-19T16:32:58.140Z,6.41774858,0.03581996
259252,538627,cancelled,NGN,SOL,2025-09-13T11:16:24.746Z,14000.00000000,null
413616,41695,completed,NGN,SOL,2025-09-18T22:26:03.974Z,20000.00000000,0.05325279
283506,25444,completed,NGN,SOL,2025-10-24T06:56:38.720Z,9000.00000000,0.03115553
246116,849322,completed,VND,TRX,2025-07-06T10:30:00.094Z,257003.00000000,34.11785454
261912,896447,completed,NGN,TRX,2025-09-17T22:05:54.357Z,39000.00000000,75.40333293
373370,573047,completed,USDT,USDC,2025-08-05T19:31:10.791Z,1.00768674,1.00600801
23002,660595,completed,DOGE,USDT,2025-05-11T19:04:40.412Z,10.96349575,2.52693576
56993,779164,completed,BCH,USDT,2025-05-20T00:14:25.013Z,0.01292650,5.05425243
72487,160249,completed,SOL,USDT,2025-05-23T10:51:57.531Z,0.07800607,14.47163130
73793,432567,completed,ADA,USDT,2025-05-23T15:41:04.881Z,60.56946127,47.38313228
83425,682375,completed,VND,USDT,2025-05-26T05:05:25.239Z,314872.00000000,11.89274195
114352,160249,completed,ADA,USDT,2025-06-03T10:06:40.355Z,21.12552038,14.58846847
120717,160249,completed,ETH,USDT,2025-06-05T00:48:14.794Z,0.00733954,19.06496822
124496,160249,completed,ADA,USDT,2025-06-05T19:25:14.636Z,15.19794696,9.73578545
127645,4026,completed,SOL,USDT,2025-06-06T14:46:40.994Z,0.83086957,125.00221690
139297,74200,completed,UNI,USDT,2025-06-10T08:45:07.996Z,1.35535608,9.68475386
140933,160249,completed,ADA,USDT,2025-06-10T15:27:50.938Z,10.95081188,7.59845127
144498,780088,completed,BTC,USDT,2025-06-11T17:17:27.538Z,0.00000846,0.92093999
144543,160249,completed,SOL,USDT,2025-06-11T17:44:56.095Z,0.31444966,51.92403003
144545,160249,completed,SOL,USDT,2025-06-11T17:46:53.113Z,0.31259159,51.45833268
150313,258989,completed,BTC,USDT,2025-06-13T00:20:20.505Z,0.00009234,9.59019717
150459,723790,completed,BTC,USDT,2025-06-13T00:27:17.747Z,0.00008157,8.44056670
150583,723790,completed,BTC,USDT,2025-06-13T00:49:56.496Z,0.00005835,6.03345126
154308,840940,completed,SOL,USDT,2025-06-13T19:34:37.925Z,0.04251672,6.14176952
160910,723790,completed,BTC,USDT,2025-06-15T14:44:24.001Z,0.00003858,4.04515875
174017,731910,completed,SHIB,USDT,2025-06-19T12:12:53.921Z,752188.13853181,8.68415720
174736,448774,completed,BTC,USDT,2025-06-19T15:28:11.309Z,0.00007590,7.86926623
117052,918330,completed,NGN,USDT,2025-06-20T07:23:09.473Z,5000.00000000,3.14704668
180477,731910,completed,BTC,USDT,2025-06-21T08:00:43.139Z,0.00002589,2.66218966
119463,906412,completed,VND,USDT,2025-06-21T12:37:47.417Z,168811.00000000,6.35743908
184220,300583,completed,BTC,USDT,2025-06-22T10:35:24.534Z,0.00005726,5.82779706
192994,160249,completed,NGN,USDT,2025-06-24T13:53:54.314Z,10331.00000000,6.53236456
125038,47558,cancelled,VND,USDT,2025-06-24T15:45:16.801Z,100000.00000000,null
196417,931162,completed,NGN,USDT,2025-06-25T14:39:31.360Z,15030.00000000,9.54219108
197148,931625,completed,BTC,USDT,2025-06-25T19:46:30.705Z,0.00013451,14.38905302
198111,184981,completed,BTC,USDT,2025-06-26T02:25:03.966Z,0.00006487,6.94926282
201963,931625,completed,BTC,USDT,2025-06-26T20:28:35.858Z,0.00005871,6.27065318
222623,205376,completed,VND,USDT,2025-07-01T12:56:21.942Z,270000.00000000,10.17967912
225441,300583,completed,BTC,USDT,2025-07-02T07:28:48.158Z,0.00001434,1.52193358
237403,160249,completed,BTC,USDT,2025-07-04T10:19:19.360Z,0.00007506,8.12408868
238464,160249,completed,BTC,USDT,2025-07-04T13:42:20.448Z,0.00006713,7.24060109
263613,160249,completed,ETH,USDT,2025-07-10T06:17:22.307Z,0.00251655,6.96909233
294858,142372,completed,NGN,USDT,2025-07-17T00:10:13.379Z,75005.00000000,48.65266738
355834,258989,completed,BTC,USDT,2025-07-30T16:15:11.587Z,0.00003200,3.74618664
215656,292152,cancelled,NGN,USDT,2025-07-31T07:10:44.295Z,5000.00000000,null
375677,723790,completed,BTC,USDT,2025-08-07T00:03:34.588Z,0.00001172,1.33830880
380020,26073,completed,NGN,USDT,2025-08-08T19:14:58.980Z,6500.00000000,4.20188720
239390,23861,cancelled,NGN,USDT,2025-08-15T09:06:45.009Z,15000.01000000,null
239400,527500,completed,NGN,USDT,2025-08-15T10:18:15.483Z,5000.00000000,3.22726530
396388,258989,completed,BTC,USDT,2025-08-21T07:36:51.587Z,0.00001585,1.79300304
403272,45945,completed,VND,USDT,2025-09-01T15:42:24.302Z,67313.00000000,2.49013565
404404,786259,completed,BTC,USDT,2025-09-03T12:57:31.879Z,0.00000608,0.67256016
405819,111894,completed,NGN,USDT,2025-09-06T02:40:02.441Z,29950.00000000,19.94994475
410173,209664,completed,BTC,USDT,2025-09-13T11:51:50.381Z,0.00010218,11.78124066
416721,274298,completed,ETH,USDT,2025-09-23T09:37:56.012Z,0.10903109,457.10410868
275299,5097,completed,NGN,USDT,2025-10-08T10:40:49.967Z,119950.00000000,80.37643676
275353,918424,completed,NGN,USDT,2025-10-08T13:16:33.022Z,45000.00000000,30.11297047
278962,166364,completed,NGN,USDT,2025-10-14T20:34:31.678Z,15000.00000000,9.96083196
280998,156453,completed,NGN,USDT,2025-10-19T09:47:14.070Z,69950.00000000,46.82829340
281128,585620,completed,NGN,USDT,2025-10-19T11:21:00.981Z,47000.00000000,31.46828852
437680,19141,completed,BTC,USDT,2025-10-27T13:23:25.845Z,0.00003000,3.43129644
287673,5097,completed,NGN,USDT,2025-10-31T20:59:12.156Z,50894.00000000,34.96247186
443534,72313,completed,BNB,USDT,2025-11-08T09:39:53.536Z,0.00366963,3.65447147
72484,160249,completed,SOL,USDT,2025-05-23T10:51:06.160Z,0.07871208,14.60910556
74524,160249,completed,SHIB,USDT,2025-05-23T22:39:01.305Z,2391399.41529359,34.69534325
114128,160249,completed,SHIB,USDT,2025-06-03T09:00:13.569Z,1856483.59707067,24.26788472
114350,160249,completed,ADA,USDT,2025-06-03T10:06:23.006Z,21.31672608,14.72050775
120715,160249,completed,ETH,USDT,2025-06-05T00:48:01.132Z,0.00740597,19.23753225
140931,160249,completed,ADA,USDT,2025-06-10T15:27:36.582Z,11.04992720,7.66722453
144496,780088,completed,BTC,USDT,2025-06-11T17:17:09.864Z,0.00000854,0.92940246
144541,160249,completed,SOL,USDT,2025-06-11T17:44:35.798Z,0.31721560,52.40712867
150457,723790,completed,BTC,USDT,2025-06-13T00:26:58.804Z,0.00008231,8.51728970
150580,723790,completed,BTC,USDT,2025-06-13T00:49:38.198Z,0.00005889,6.08938468
154306,840940,completed,SOL,USDT,2025-06-13T19:34:22.655Z,0.04290153,6.19735735
174015,731910,completed,SHIB,USDT,2025-06-19T12:12:30.219Z,758995.77449338,8.76275270
180473,731910,completed,BTC,USDT,2025-06-21T08:00:30.830Z,0.00002613,2.68691588
181053,731910,completed,BTC,USDT,2025-06-21T10:44:05.328Z,0.00002262,2.33625809
119462,906412,completed,VND,USDT,2025-06-21T12:37:16.611Z,172059.00000000,6.47974034
184218,300583,completed,BTC,USDT,2025-06-22T10:35:04.652Z,0.00005779,5.88084377
192990,160249,completed,NGN,USDT,2025-06-24T13:53:28.528Z,10710.00000000,6.77206029
198113,184981,completed,BTC,USDT,2025-06-26T02:25:19.481Z,0.00006428,6.88593158
201961,931625,completed,BTC,USDT,2025-06-26T20:28:18.042Z,0.00005925,6.32844721
222621,205376,completed,VND,USDT,2025-07-01T12:56:11.875Z,270000.00000000,10.17862290
225439,300583,completed,BTC,USDT,2025-07-02T07:28:27.750Z,0.00001448,1.53682322
263611,160249,completed,ETH,USDT,2025-07-10T06:17:09.163Z,0.00253933,7.03216468
355281,931625,completed,BTC,USDT,2025-07-30T13:37:31.731Z,0.00001686,1.97105529
375675,723790,completed,BTC,USDT,2025-08-07T00:03:16.067Z,0.00001183,1.35089119
396386,258989,completed,BTC,USDT,2025-08-21T07:36:07.765Z,0.00001600,1.81025092
407291,17087,completed,VND,USDT,2025-09-08T07:58:39.040Z,2000000.00000000,73.93988448
72483,779164,completed,BTC,USDT,2025-05-23T10:51:05.182Z,0.00003008,3.31957824
114348,160249,completed,ADA,USDT,2025-06-03T10:06:01.147Z,21.50966235,14.85374209
180471,448774,completed,BTC,USDT,2025-06-21T08:00:16.894Z,0.00002389,2.45613567
119068,906412,completed,VND,USDT,2025-06-21T10:44:02.376Z,159308.00000000,5.99729040
192992,160249,completed,NGN,USDT,2025-06-24T13:53:40.153Z,10519.00000000,6.65125739
222624,205376,completed,VND,USDT,2025-07-01T12:56:30.730Z,270000.00000000,10.17858720
225437,300583,completed,BTC,USDT,2025-07-02T07:28:13.161Z,0.00001462,1.55171285
375673,723790,completed,BTC,USDT,2025-08-07T00:03:02.866Z,0.00001194,1.36347358
169292,191746,completed,VND,XLM,2025-06-18T06:29:18.235Z,300000.00000000,44.76032578
163945,122698,completed,NGN,XLM,2025-07-11T13:40:37.760Z,13600.00000000,26.02528688
364942,160249,completed,USDT,XRP,2025-08-01T19:06:38.379Z,11.31863171,3.74405890
390527,183052,completed,VND,XRP,2025-08-13T09:22:11.158Z,726483.00000000,8.28164681
390594,697027,completed,LTC,XRP,2025-08-13T09:41:58.859Z,0.25711043,10.31856834
443374,137,completed,USDT,XRP,2025-11-07T00:47:41.565Z,1.00000000,0.44877631
99347,780088,completed,USDT,ADA,2025-05-30T07:29:49.379Z,10.28129598,14.54975600
119157,160249,completed,SOL,ADA,2025-06-04T13:59:02.965Z,0.08737600,19.70272419
119795,160249,completed,ETH,ADA,2025-06-04T16:23:52.517Z,0.00552287,21.20493503
140934,160249,completed,USDT,ADA,2025-06-10T15:27:56.792Z,7.59845127,10.85258559
377620,131927,completed,POL,ADA,2025-08-07T16:18:46.621Z,10.00000000,3.09425512
77874,17087,completed,USDT,BNB,2025-05-24T15:36:13.176Z,10.00000000,0.01475680
126094,344860,completed,VND,BNB,2025-06-25T09:29:18.436Z,50000.00000000,0.00291692
419414,1103554,completed,NGN,BNB,2025-09-27T11:54:13.625Z,159950.00000000,0.10929171
165530,731910,completed,USDT,BTC,2025-06-17T03:52:57.470Z,2.18799123,0.00002027
167176,160249,completed,USDT,BTC,2025-06-17T13:03:29.064Z,8.04834745,0.00007602
171507,160249,completed,USDT,BTC,2025-06-18T16:42:10.409Z,35.70595920,0.00034077
174310,160249,completed,USDT,BTC,2025-06-19T13:38:42.803Z,19.88870501,0.00018929
178794,448774,completed,USDT,BTC,2025-06-20T18:51:49.401Z,3.68594278,0.00003560
186576,300583,completed,USDT,BTC,2025-06-22T22:51:11.146Z,3.16477101,0.00003129
197836,931625,completed,USDT,BTC,2025-06-26T01:19:47.528Z,5.49205804,0.00005103
203190,931625,completed,USDT,BTC,2025-06-27T07:04:56.595Z,4.01782482,0.00003735
203397,931625,completed,USDT,BTC,2025-06-27T08:02:06.023Z,5.58545573,0.00005194
219306,785072,completed,USDT,BTC,2025-06-30T22:42:33.065Z,5.33328170,0.00004961
234939,160249,completed,USDT,BTC,2025-07-03T23:46:22.796Z,9.41303027,0.00008570
237207,160249,completed,USDT,BTC,2025-07-04T09:45:36.595Z,8.97717429,0.00008214
285320,258989,completed,USDT,BTC,2025-07-14T17:40:55.474Z,10.05559701,0.00008357
340795,1089365,completed,USDT,BTC,2025-07-27T09:56:47.533Z,1.74672594,0.00001474
340949,1089365,completed,USDT,BTC,2025-07-27T10:32:44.231Z,1.01683539,0.00000858
355114,931625,completed,USDT,BTC,2025-07-30T13:20:55.206Z,2.06665175,0.00001750
366266,160249,completed,USDT,BTC,2025-08-02T09:40:29.252Z,0.99999956,0.00000877
379609,258989,completed,USDT,BTC,2025-08-08T14:08:08.120Z,1.04271526,0.00000887
389077,160249,completed,USDT,BTC,2025-08-12T15:29:53.734Z,12.22322478,0.00010187
399270,258989,completed,USDT,BTC,2025-08-26T12:54:34.997Z,0.36241178,0.00000327
403392,785072,completed,USDT,BTC,2025-09-01T23:22:30.912Z,1.16554099,0.00001069
406813,258989,completed,ETH,BTC,2025-09-07T16:48:32.536Z,0.00037146,0.00001426
407465,428077,completed,XRP,BTC,2025-09-08T14:21:15.827Z,33.70869878,0.00089315
408509,697027,completed,USDT,BTC,2025-09-10T03:20:42.286Z,2.92393100,0.00002615
409637,1066132,completed,USDT,BTC,2025-09-12T09:39:35.223Z,2.42262337,0.00002104
411130,1089365,completed,USDT,BTC,2025-09-15T08:34:58.752Z,5.53167857,0.00004769
261229,258989,completed,NGN,BTC,2025-09-16T16:14:46.622Z,1945.00000000,0.00001106
167174,160249,completed,USDT,BTC,2025-06-17T13:03:01.373Z,8.12088007,0.00007671
178790,448774,completed,USDT,BTC,2025-06-20T18:50:41.846Z,3.75399119,0.00003625
186578,300583,completed,USDT,BTC,2025-06-22T22:51:41.403Z,3.13565351,0.00003101
203188,931625,completed,USDT,BTC,2025-06-27T07:04:43.782Z,4.05484547,0.00003770
237209,160249,completed,USDT,BTC,2025-07-04T09:45:54.075Z,8.89686591,0.00008140
340793,1089365,completed,USDT,BTC,2025-07-27T09:56:34.947Z,1.76319339,0.00001488
340946,1089365,completed,USDT,BTC,2025-07-27T10:32:10.117Z,1.02741518,0.00000867
411132,1089365,completed,USDT,BTC,2025-09-15T08:35:41.365Z,5.48100319,0.00004725
20065,538170,completed,USDT,DOGE,2025-05-11T03:52:16.825Z,37.70010919,156.31254685
80488,34022,completed,VND,DOGE,2025-05-25T08:29:01.808Z,1500000.00000000,256.19380309
413501,99167,completed,USDT,DOGE,2025-09-18T11:08:13.711Z,10.00000014,35.64954359
150227,723790,completed,USDT,ETH,2025-06-13T00:04:51.899Z,13.49938063,0.00514538
175429,39633,completed,NGN,ETH,2025-07-15T20:19:05.184Z,99950.00000000,0.02147308
369370,1124609,completed,NGN,ETH,2025-08-04T01:07:53.714Z,198200.00000000,0.03595426
405150,21493,completed,USDT,ETH,2025-09-04T20:21:30.001Z,20.00000000,0.00463018
440432,193,completed,USDT,ETH,2025-10-31T19:53:37.764Z,191.62185226,0.04906473
85306,313953,completed,AVAX,FIVE,2025-05-26T12:49:43.893Z,3.00000000,1722.99517684
212224,193,completed,NGN,LINK,2025-06-29T09:08:02.934Z,5000.00000000,0.23577008
316636,5331,completed,USDT,LTC,2025-07-21T19:36:06.128Z,11.82789181,0.10244675
403367,258989,completed,USDT,LTC,2025-09-01T23:08:15.837Z,1.81002732,0.01676759
251696,107458,completed,NGN,LTC,2025-09-02T10:57:43.035Z,500.00000000,0.00292738
436218,184487,completed,XLM,NEAR,2025-10-25T20:32:33.961Z,140.00000000,19.84123138
87451,350081,completed,VND,S,2025-05-27T01:10:18.945Z,300000.00000000,25.79374183
149426,4018,completed,USDT,S,2025-06-12T17:44:50.171Z,60.00000000,161.06138041
111099,785072,completed,USDT,SHIB,2025-06-02T14:02:18.775Z,1.25253470,97453.24223044
128340,160249,completed,USDT,SHIB,2025-06-06T19:39:55.237Z,0.99260012,79242.28073840
131030,160249,completed,USDT,SHIB,2025-06-07T16:30:51.925Z,16.46901247,1283090.14830138
144950,184981,completed,USDT,SHIB,2025-06-11T21:20:44.937Z,12.38411991,935933.43005638
401725,160249,completed,XRP,SHIB,2025-08-30T04:03:21.600Z,2.69499499,609171.81747393
149782,210952,completed,USDT,SOL,2025-06-12T21:03:06.316Z,0.58630428,0.00382300
251725,134359,completed,NGN,SOL,2025-07-07T13:58:15.696Z,5000.00000000,0.02117084
394915,1140580,completed,LINK,SOL,2025-08-18T18:53:15.528Z,0.20095569,0.02745942
289628,538627,completed,NGN,SOL,2025-11-05T04:39:43.730Z,15000.00000000,0.06479232
375377,122763,completed,USDT,TRX,2025-08-06T17:26:48.396Z,6.00000000,17.90634144
271364,1184407,completed,NGN,TRX,2025-10-01T19:40:45.907Z,6000.00000000,12.06787564
429927,56904,completed,NGN,TRX,2025-10-15T06:53:47.888Z,10000.00000000,20.99946469
21880,428077,completed,NGN,USDT,2025-05-10T18:23:31.939Z,4950.00000000,3.06051810
33100,680857,completed,VND,USDT,2025-05-14T15:01:11.456Z,3000000.00000000,112.86576690
39867,160249,completed,ADA,USDT,2025-05-16T03:21:38.599Z,57.77544175,44.81346465
37390,35220,completed,VND,USDT,2025-05-16T08:27:36.343Z,2000000.00000000,75.30069588
44089,767950,completed,VND,USDT,2025-05-18T00:08:39.713Z,49000.00000000,1.84706340
48478,180577,completed,VND,USDT,2025-05-19T12:24:53.671Z,13000000.00000000,489.11017589
65614,160249,completed,SHIB,USDT,2025-05-21T18:18:23.055Z,1359115.42613951,19.61376162
60655,744349,completed,VND,USDT,2025-05-24T00:44:21.710Z,98374.00000000,3.69946667
77703,160249,completed,SHIB,USDT,2025-05-24T14:52:15.062Z,1147980.14522198,16.44533998
85276,160249,completed,SHIB,USDT,2025-05-26T12:38:46.461Z,4018684.70857518,57.96741307
112114,785072,completed,BTC,USDT,2025-06-02T22:06:16.498Z,0.00000516,0.53911788
116029,160249,completed,DOGE,USDT,2025-06-03T17:55:53.852Z,34.01605735,6.65403551
84646,35155,cancelled,VND,USDT,2025-06-04T09:45:21.604Z,131278.00000000,null
118666,160249,completed,ADA,USDT,2025-06-04T11:39:58.923Z,12.30582841,8.51861997
87320,35155,completed,VND,USDT,2025-06-05T15:08:49.763Z,55388.00000000,2.09994640
129295,623471,completed,BTC,USDT,2025-06-07T07:14:21.312Z,0.00096232,100.47491487
139830,160249,completed,ADA,USDT,2025-06-10T10:36:48.333Z,75.44634623,51.96837390
144457,184981,completed,DOGE,USDT,2025-06-11T17:00:07.890Z,118.71980454,24.02602443
99562,317792,cancelled,VND,USDT,2025-06-12T02:35:59.950Z,100000.00000000,null
146092,160249,completed,BCH,USDT,2025-06-12T03:46:52.717Z,0.03621290,15.50102445
155629,829522,completed,BTC,USDT,2025-06-14T06:30:48.234Z,0.00020000,20.90258313
159252,205376,completed,VND,USDT,2025-06-15T06:39:11.417Z,698288.00000000,26.57885693
159729,731910,completed,BTC,USDT,2025-06-15T08:40:39.407Z,0.00015194,15.89349044
166799,160249,completed,SHIB,USDT,2025-06-17T11:25:08.473Z,891113.92896587,10.38950565
178432,160249,completed,BTC,USDT,2025-06-20T16:04:01.563Z,0.00008009,8.29888380
178699,448774,completed,BTC,USDT,2025-06-20T17:31:39.637Z,0.00004244,4.35137788
195301,448774,completed,BTC,USDT,2025-06-25T10:20:03.216Z,0.00002627,2.78666997
195929,448774,completed,BTC,USDT,2025-06-25T12:48:55.735Z,0.00001333,1.41728469
200554,205376,completed,VND,USDT,2025-06-26T12:44:19.821Z,270000.00000000,10.17898598
201891,931625,completed,BTC,USDT,2025-06-26T19:51:58.656Z,0.00007496,8.01056981
201948,676996,completed,BTC,USDT,2025-06-26T20:22:40.302Z,0.00000995,1.06333394
203880,931625,completed,BTC,USDT,2025-06-27T09:09:19.925Z,0.00003719,3.95237563
204213,931625,completed,BTC,USDT,2025-06-27T10:46:54.089Z,0.00004325,4.59252241
137545,923209,completed,NGN,USDT,2025-07-01T06:50:26.862Z,160000.00000000,103.15117180
221862,205376,completed,VND,USDT,2025-07-01T09:19:39.121Z,270000.00000000,10.18027721
140152,35155,cancelled,VND,USDT,2025-07-02T10:05:05.998Z,132545.00000000,null
234419,160249,completed,BTC,USDT,2025-07-03T19:24:27.862Z,0.00008738,9.53297103
237073,184981,completed,BTC,USDT,2025-07-04T09:24:05.484Z,0.00017638,19.08259475
263037,160249,completed,SHIB,USDT,2025-07-10T04:00:56.359Z,878094.91955847,10.87266238
263239,723790,completed,BTC,USDT,2025-07-10T04:36:56.698Z,0.00001541,1.70077854
285455,160249,completed,BTC,USDT,2025-07-14T18:55:39.349Z,0.00020680,24.60327335
313107,35072,completed,VND,USDT,2025-07-21T01:53:25.798Z,1944813.00000000,73.65246143
343208,258989,completed,BTC,USDT,2025-07-27T23:58:35.301Z,0.00007156,8.48723632
217603,53791,completed,NGN,USDT,2025-07-31T19:44:06.387Z,8000.00000000,5.19467373
362804,160249,completed,BTC,USDT,2025-08-01T06:23:14.206Z,0.00000864,0.99061607
364703,205428,completed,VND,USDT,2025-08-01T14:33:30.563Z,410000.00000000,15.35227011
228329,1058249,completed,NGN,USDT,2025-08-07T15:17:48.818Z,100000.00000000,64.50298645
393596,723790,completed,XRP,USDT,2025-08-16T10:07:43.545Z,0.16014500,0.50000164
240703,1097944,completed,NGN,USDT,2025-08-17T06:22:58.661Z,319000.00000000,206.19026093
394312,48914,completed,NGN,USDT,2025-08-17T17:49:58.722Z,75906.00000000,49.06270412
396987,780088,completed,SOL,USDT,2025-08-22T12:40:47.013Z,0.00657810,1.16570585
398263,258989,completed,SOL,USDT,2025-08-24T11:13:24.700Z,0.00175118,0.35698619
401332,778341,completed,BTC,USDT,2025-08-29T13:53:50.663Z,0.00005230,5.69188174
403873,457019,completed,BTC,USDT,2025-09-02T21:18:12.914Z,0.00007230,8.00468783
404408,786259,completed,BTC,USDT,2025-09-03T13:05:51.289Z,0.00000597,0.65993618
405034,5360,completed,NGN,USDT,2025-09-04T13:24:01.775Z,95795.00000000,62.70031786
406829,7142,completed,XLM,USDT,2025-09-07T17:52:22.067Z,33.83862539,12.10804195
257900,99387,completed,VND,USDT,2025-09-11T10:03:56.627Z,2700000.00000000,101.30878307
259953,1168072,completed,VND,USDT,2025-09-14T17:43:10.373Z,132411809.00000000,5000.87799304
265375,1059202,completed,NGN,USDT,2025-09-22T20:20:13.655Z,29950.00000000,19.72386118
420261,160757,completed,NGN,USDT,2025-09-28T13:18:44.533Z,7517.00000000,5.00008210
428705,45154,completed,NGN,USDT,2025-10-13T11:04:55.218Z,151950.00000000,101.33293099
289694,538627,cancelled_by_system,NGN,USDT,2025-11-05T20:56:41.284Z,21000.00000000,null
20626,164071,cancelled,VND,USDT,2025-05-10T09:55:32.236Z,53131.00000000,null
65612,160249,completed,SHIB,USDT,2025-05-21T18:18:04.591Z,1371415.27747262,19.79126419
77706,160249,completed,SHIB,USDT,2025-05-24T14:52:54.313Z,1137684.02013463,16.29784322
85274,160249,completed,SHIB,USDT,2025-05-26T12:38:31.944Z,4055044.84243449,58.49188971
116027,160249,completed,DOGE,USDT,2025-06-03T17:55:31.878Z,34.32392714,6.71425932
118671,160249,completed,ADA,USDT,2025-06-04T11:40:48.619Z,12.08605759,8.36648522
139829,184981,completed,SHIB,USDT,2025-06-10T10:36:15.317Z,99414.74248162,1.28337831
159251,205376,completed,VND,USDT,2025-06-15T06:39:01.503Z,265000.00000000,10.08667974
159727,731910,completed,BTC,USDT,2025-06-15T08:40:14.110Z,0.00015332,16.03719492
178697,448774,completed,BTC,USDT,2025-06-20T17:31:05.833Z,0.00004289,4.39094066
195927,448774,completed,BTC,USDT,2025-06-25T12:48:35.708Z,0.00001346,1.43114094
200558,205376,completed,VND,USDT,2025-06-26T12:44:55.418Z,270000.00000000,10.17895263
203878,931625,completed,BTC,USDT,2025-06-27T09:09:07.467Z,0.00003754,3.98866701
204211,931625,completed,BTC,USDT,2025-06-27T10:46:41.456Z,0.00004365,4.63508517
221863,205376,completed,VND,USDT,2025-07-01T09:19:47.955Z,270000.00000000,10.17995935
246544,728377,completed,SOL,USDT,2025-07-06T11:48:08.823Z,2.16952688,317.93312680
263033,160249,completed,SHIB,USDT,2025-07-10T04:00:08.052Z,894060.93689463,11.07035532
263238,211470,completed,VND,USDT,2025-07-10T04:36:52.077Z,270000.00000000,10.23200828
285453,160249,completed,BTC,USDT,2025-07-14T18:55:26.004Z,0.00020868,24.82713156
343206,258989,completed,BTC,USDT,2025-07-27T23:58:00.811Z,0.00007221,8.56447944
364701,205428,completed,VND,USDT,2025-08-01T14:33:09.082Z,270000.00000000,10.11005020
396985,780088,completed,SOL,USDT,2025-08-22T12:40:16.800Z,0.00663765,1.17625856
422441,586049,completed,NGN,USDT,2025-10-02T14:11:00.678Z,3043.00000000,2.10038362
88474,191746,completed,VND,XLM,2025-06-06T05:11:15.907Z,2575639.00000000,371.38903774
125732,191746,completed,USDT,XLM,2025-06-06T05:13:22.732Z,20.60391861,78.60207105
389001,160249,completed,USDT,XRP,2025-08-12T14:39:00.882Z,1.00000000,0.31148152
442706,160249,completed,ETH,XRP,2025-11-03T13:58:52.740Z,0.01205674,18.46761119
71886,160249,completed,USDT,ADA,2025-05-23T07:20:23.389Z,16.64919886,20.38041395
128042,160249,completed,USDT,ADA,2025-06-06T17:10:09.232Z,11.58474708,17.33163987
129433,840940,completed,USDT,ADA,2025-06-07T07:35:54.209Z,12.33442214,18.39892588
420787,457019,completed,DOT,ADA,2025-09-29T15:11:05.246Z,0.24742038,1.20996974
20002,160249,completed,SHIB,BNB,2025-05-11T03:26:37.588Z,78602.06000000,0.00195347
288686,103277,completed,USDT,BNB,2025-07-15T12:20:50.530Z,25.53957715,0.03734514
404525,1059367,completed,USDT,BNB,2025-09-03T19:05:16.190Z,18.21492791,0.02109670
413626,494049,completed,NGN,BNB,2025-09-18T23:38:14.894Z,5000.00000000,0.00334722
54290,101785,completed,USDT,BTC,2025-05-19T06:05:10.391Z,10.91160881,0.00010556
144936,780088,completed,USDT,BTC,2025-06-11T21:15:00.114Z,0.87126501,0.00000796
149247,795994,completed,USDT,BTC,2025-06-12T16:16:38.401Z,15.54005706,0.00014438
150284,723790,completed,ETH,BTC,2025-06-13T00:16:55.839Z,0.00447847,0.00010936
165179,731910,completed,USDT,BTC,2025-06-17T00:44:27.370Z,2.34432394,0.00002186
166557,160249,completed,SHIB,BTC,2025-06-17T09:58:51.598Z,1840091.91926974,0.00020375
167258,160249,completed,USDT,BTC,2025-06-17T13:24:57.407Z,6.30429114,0.00005944
186563,731910,completed,USDT,BTC,2025-06-22T22:45:49.824Z,1.90086893,0.00001879
190130,300583,completed,USDT,BTC,2025-06-23T16:45:51.409Z,2.25760252,0.00002235
193804,448774,completed,USDT,BTC,2025-06-24T20:32:31.884Z,4.04339868,0.00003811
194213,676996,completed,USDT,BTC,2025-06-25T00:48:51.881Z,1.72497936,0.00001624
195907,448774,completed,USDT,BTC,2025-06-25T12:43:07.068Z,1.48701271,0.00001385
196914,448774,completed,USDT,BTC,2025-06-25T16:58:22.815Z,0.61088627,0.00000568
213877,448774,completed,USDT,BTC,2025-06-29T17:21:30.368Z,0.80344555,0.00000745
216896,778341,completed,USDT,BTC,2025-06-30T09:17:16.380Z,16.13887514,0.00014956
216969,184981,completed,USDT,BTC,2025-06-30T09:42:07.679Z,7.55638603,0.00007008
220112,184981,completed,USDT,BTC,2025-07-01T02:22:02.096Z,17.25094381,0.00016057
234076,160249,completed,USDT,BTC,2025-07-03T16:47:02.882Z,10.72206544,0.00009766
238477,160249,completed,USDT,BTC,2025-07-04T13:46:46.172Z,6.91902843,0.00006362
285332,258989,completed,USDT,BTC,2025-07-14T17:52:35.245Z,9.53593742,0.00007933
319446,160249,completed,USDT,BTC,2025-07-22T13:22:58.439Z,2.24392612,0.00001875
355767,258989,completed,USDT,BTC,2025-07-30T15:58:30.513Z,4.22181524,0.00003569
356180,258989,completed,USDT,BTC,2025-07-30T18:58:16.030Z,3.00657619,0.00002569
363168,258989,completed,USDT,BTC,2025-08-01T07:41:37.191Z,2.75730205,0.00002394
399295,285518,completed,USDT,BTC,2025-08-26T14:39:27.836Z,8.00000000,0.00007215
402257,786259,completed,USDT,BTC,2025-08-30T20:29:29.826Z,1.41434364,0.00001297
405071,457019,completed,USDT,BTC,2025-09-04T14:50:06.939Z,5.01790475,0.00004547
411243,1089365,completed,USDT,BTC,2025-09-15T11:31:12.630Z,6.20637763,0.00005387
418211,795994,completed,USDT,BTC,2025-09-25T08:21:56.440Z,5.39000421,0.00004805
425928,1058249,completed,USDT,BTC,2025-10-08T10:54:45.102Z,66.98300490,0.00054376
149245,795994,completed,USDT,BTC,2025-06-12T16:16:21.775Z,15.68129330,0.00014569
150277,258989,completed,USDT,BTC,2025-06-13T00:16:06.146Z,9.84341164,0.00009402
165177,731910,completed,USDT,BTC,2025-06-17T00:44:12.119Z,2.36561662,0.00002206
166555,160249,completed,SHIB,BTC,2025-06-17T09:58:38.868Z,1866055.03724430,0.00020663
167256,160249,completed,USDT,BTC,2025-06-17T13:24:37.416Z,6.36230528,0.00005998
186561,731910,completed,USDT,BTC,2025-06-22T22:45:34.591Z,1.91894376,0.00001897
199288,35155,completed,USDT,BTC,2025-06-26T08:34:35.642Z,2.10024251,0.00001942
356182,258989,completed,USDT,BTC,2025-07-30T18:58:47.990Z,2.97971645,0.00002546
356186,258989,completed,USDT,BTC,2025-07-30T19:00:01.922Z,2.92559489,0.00002501
57621,160249,completed,USDT,DOGE,2025-05-20T03:23:42.263Z,1.46514481,6.43248122
178048,252626,completed,VND,DOGE,2025-06-20T14:44:58.020Z,2500000.00000000,561.58455206
403858,457019,completed,BTC,DOT,2025-09-02T20:49:02.564Z,0.00007641,2.22851058
277235,137,completed,NGN,ETC,2025-10-12T01:53:02.502Z,15572.00000000,0.69997854
166323,160249,completed,USDT,ETH,2025-06-17T09:14:29.850Z,34.87462992,0.01351495
245884,39633,completed,NGN,ETH,2025-08-25T09:42:21.586Z,155000.00000000,0.02172708
420707,457019,completed,SOL,ETH,2025-09-29T11:57:00.247Z,0.00587701,0.00029380
210445,50253,completed,USDT,KAI,2025-06-28T21:08:49.588Z,2.20000000,2138.20668199
118779,160249,completed,USDT,LTC,2025-06-04T12:02:57.741Z,16.58477742,0.18347781
277005,137,completed,NGN,LTC,2025-10-11T11:25:13.058Z,15005.00000000,0.10249433
433589,703693,completed,VND,LTC,2025-10-21T01:44:15.389Z,114910.00000000,0.04441889
263841,144353,completed,VND,S,2025-09-20T11:42:57.678Z,1000000.00000000,131.66897520
