user_id,kyc_level,created_at,updated_at
193,3,2023-10-18T15:46:06.169Z,2025-11-14T21:31:38.141Z
198450,3,2025-01-03T09:27:50.867Z,2025-11-02T08:20:08.732Z
780088,2,2025-05-20T04:51:43.959Z,2025-11-14T18:57:37.342Z
81025,3,2024-08-29T19:23:19.507Z,2025-11-12T11:19:18.222Z
680857,3,2025-05-04T02:21:39.778Z,2025-07-14T17:10:34.239Z
445336,2,2025-03-29T05:30:58.574Z,2025-11-14T17:25:39.331Z
400823,3,2025-03-23T02:08:17.023Z,2025-10-31T02:25:56.361Z
534337,2,2025-04-11T23:02:57.177Z,2025-11-13T14:47:38.075Z
222258,3,2025-01-24T03:25:53.650Z,2025-11-03T22:26:16.728Z
5097,3,2024-07-05T09:20:21.947Z,2025-11-12T14:24:19.955Z
895589,2,2025-06-14T08:51:08.774Z,2025-11-03T16:19:34.666Z
56234,3,2024-08-19T00:05:22.284Z,2025-11-10T11:57:54.319Z
933672,2,2025-06-23T07:54:45.080Z,2025-07-14T18:25:25.992Z
1167684,2,2025-09-06T15:24:17.045Z,2025-10-16T09:24:10.095Z
1152856,2,2025-08-14T10:11:11.212Z,2025-11-09T01:39:18.713Z
744349,3,2025-05-14T05:00:45.811Z,2025-09-21T06:44:02.377Z
274298,4,2025-02-12T22:34:12.821Z,2025-11-09T13:26:53.026Z
258989,3,2025-02-08T01:28:08.002Z,2025-11-14T18:44:43.700Z
786259,1,2025-05-21T10:13:52.551Z,2025-11-14T23:04:55.666Z
94676,3,2024-09-04T05:25:59.605Z,2025-11-14T07:09:25.394Z
1157032,2,2025-08-21T14:15:04.700Z,2025-08-25T06:18:39.015Z
209664,3,2025-01-16T20:38:53.215Z,2025-10-01T22:15:13.798Z
4281,3,2024-06-30T04:00:21.636Z,2025-11-04T02:45:45.039Z
37634,2,2024-08-07T15:25:48.918Z,2025-10-09T16:27:48.186Z
225924,3,2025-01-26T02:23:38.997Z,2025-11-04T07:53:34.749Z
135457,3,2024-10-14T09:11:08.924Z,2025-10-09T20:02:10.144Z
387159,2,2025-03-20T20:58:30.836Z,2025-11-14T19:42:52.192Z
1097944,2,2025-07-26T23:01:06.926Z,2025-08-19T14:35:47.478Z
1793,3,2024-06-21T21:23:08.297Z,2025-11-14T14:29:38.816Z
131927,3,2024-10-08T21:38:23.867Z,2025-11-06T15:24:10.886Z
25444,3,2024-07-30T04:42:23.455Z,2025-11-10T10:59:48.227Z
682375,2,2025-05-04T07:59:16.168Z,2025-11-04T01:20:50.289Z
877769,2,2025-06-10T12:05:40.286Z,2025-08-27T12:27:22.227Z
1178136,2,2025-09-22T08:09:57.851Z,2025-10-26T13:22:17.715Z
292152,2,2025-02-19T19:34:00.800Z,2025-11-14T23:00:07.293Z
1173910,2,2025-09-16T12:28:41.480Z,2025-09-17T09:01:09.224Z
1034486,2,2025-07-13T16:39:36.200Z,2025-10-18T09:17:40.721Z
892752,2,2025-06-13T20:04:51.331Z,2025-07-14T18:15:17.240Z
97619,2,2024-09-05T23:56:38.459Z,2025-11-09T04:58:56.039Z
71260,3,2024-08-25T13:39:17.263Z,2025-10-04T18:52:23.417Z
757582,2,2025-05-16T06:30:47.045Z,2025-10-07T08:39:54.319Z
1057915,2,2025-07-18T13:44:11.206Z,2025-11-14T11:01:24.680Z
267174,2,2025-02-10T16:10:36.905Z,2025-10-13T14:25:25.581Z
5335,3,2024-07-05T14:09:34.379Z,2025-11-14T18:53:07.263Z
966804,2,2025-07-01T05:46:18.187Z,2025-10-11T05:04:34.432Z
48914,3,2024-08-16T01:20:31.357Z,2025-10-23T12:00:06.359Z
179006,3,2024-12-10T14:16:37.838Z,2025-11-12T14:56:00.640Z
160757,3,2024-11-22T14:33:37.417Z,2025-11-14T09:18:45.754Z
19039,3,2024-07-21T16:02:20.184Z,2025-11-14T15:42:27.060Z
931162,2,2025-06-22T16:10:46.713Z,2025-07-20T19:35:49.397Z
875194,2,2025-06-09T20:55:23.678Z,2025-08-21T21:57:51.028Z
1098868,2,2025-07-27T04:18:43.526Z,2025-10-31T20:47:41.325Z
938521,2,2025-06-24T11:20:03.175Z,2025-10-03T09:39:03.384Z
1086526,2,2025-07-24T21:06:02.640Z,2025-11-06T23:29:34.460Z
20,3,2023-06-29T10:14:31.744Z,2025-08-06T04:57:25.778Z
192973,3,2024-12-28T11:52:52.299Z,2025-10-19T09:57:48.933Z
432567,3,2025-03-27T09:56:57.439Z,2025-07-14T16:03:11.923Z
111894,3,2024-09-16T06:51:02.448Z,2025-11-01T12:14:05.784Z
1066132,1,2025-07-20T10:12:56.519Z,2025-10-14T18:53:40.127Z
22861,2,2024-07-27T13:11:48.173Z,2025-11-14T23:08:57.542Z
45945,3,2024-08-13T17:18:57.195Z,2025-10-16T01:56:02.395Z
19141,2,2024-07-21T18:34:33.015Z,2025-11-14T06:28:21.191Z
849322,3,2025-06-04T16:09:24.709Z,2025-10-16T04:29:14.713Z
3935,3,2024-06-28T13:19:41.111Z,2025-11-09T22:47:52.388Z
107458,3,2024-09-12T14:48:15.771Z,2025-10-11T19:49:15.523Z
1152861,2,2025-08-14T10:28:58.276Z,2025-10-25T20:45:01.333Z
527500,2,2025-04-10T21:25:29.641Z,2025-10-19T01:55:05.732Z
526290,3,2025-04-10T14:34:25.858Z,2025-11-08T13:44:44.401Z
117439,3,2024-09-22T03:28:17.649Z,2025-08-20T01:57:39.344Z
1011848,1,2025-07-09T11:34:37.299Z,2025-07-18T07:38:50.148Z
1059202,2,2025-07-18T18:06:21.444Z,2025-11-14T18:47:59.896Z
731910,1,2025-05-12T09:43:08.848Z,2025-11-14T22:25:19.898Z
1145926,2,2025-08-11T05:24:55.372Z,2025-11-13T04:02:00.045Z
1171041,1,2025-09-12T07:04:20.293Z,2025-11-11T11:18:55.350Z
45154,3,2024-08-13T08:30:56.186Z,2025-11-14T20:46:32.453Z
39633,3,2024-08-09T05:22:39.705Z,2025-11-14T19:10:24.313Z
313953,3,2025-02-28T08:29:58.138Z,2025-10-12T14:32:27.052Z
164071,3,2024-11-26T09:25:18.201Z,2025-10-21T12:10:17.700Z
23861,3,2024-07-28T12:56:38.187Z,2025-11-14T12:12:30.614Z
811702,2,2025-05-27T03:15:44.581Z,2025-10-25T02:34:36.228Z
19731,3,2024-07-22T15:23:57.060Z,2025-11-14T19:07:23.430Z
11351,3,2024-07-14T02:50:39.374Z,2025-11-08T18:35:51.357Z
172751,3,2024-12-04T08:27:06.435Z,2025-11-11T14:13:57.617Z
75050,3,2024-08-27T07:12:58.856Z,2025-11-14T22:24:46.214Z
156925,2,2024-11-18T04:25:33.704Z,2025-10-12T12:53:59.814Z
74200,3,2024-08-26T22:06:27.603Z,2025-11-14T16:53:02.369Z
785072,2,2025-05-21T05:53:29.823Z,2025-11-14T18:14:59.249Z
1152961,2,2025-08-14T12:42:21.645Z,2025-11-13T19:02:20.335Z
10295,3,2024-07-13T11:19:24.855Z,2025-11-09T13:51:45.126Z
567933,3,2025-04-16T16:33:59.857Z,2025-11-10T16:50:54.255Z
623471,2,2025-04-24T18:16:12.085Z,2025-07-14T16:49:45.289Z
101842,3,2024-09-08T13:34:15.604Z,2025-11-14T15:26:53.992Z
4930,3,2024-07-04T15:31:55.047Z,2025-10-23T10:37:21.053Z
200487,3,2025-01-05T21:00:47.611Z,2025-09-13T15:00:14.180Z
350081,3,2025-03-12T19:26:49.443Z,2025-07-30T19:42:05.930Z
135195,3,2024-10-13T20:38:30.259Z,2025-11-13T15:27:31.667Z
41695,3,2024-08-10T12:54:09.031Z,2025-11-14T19:42:57.014Z
1072039,2,2025-07-21T14:10:17.728Z,2025-08-23T16:54:07.808Z
231037,2,2025-01-28T14:51:09.655Z,2025-10-29T12:21:37.589Z
300583,3,2025-02-23T06:50:09.739Z,2025-11-14T22:24:26.524Z
300616,3,2025-02-23T07:17:00.640Z,2025-10-19T14:16:16.608Z
850378,3,2025-06-05T00:45:50.556Z,2025-08-11T15:46:46.921Z
1104049,2,2025-07-28T08:45:38.986Z,2025-11-14T19:33:31.853Z
205428,2,2025-01-12T05:07:31.952Z,2025-08-29T10:18:43.404Z
53791,3,2024-08-17T18:56:35.713Z,2025-11-14T22:53:28.978Z
707522,3,2025-05-08T16:19:31.118Z,2025-11-07T15:34:33.165Z
54463,3,2024-08-18T04:14:59.654Z,2025-11-04T08:11:41.360Z
51333,3,2024-08-16T20:27:27.779Z,2025-11-14T15:18:47.222Z
14782,3,2024-07-17T19:35:26.857Z,2025-11-14T20:05:49.619Z
47558,3,2024-08-15T10:28:58.044Z,2025-10-12T08:03:57.929Z
314327,3,2025-02-28T13:03:07.339Z,2025-11-14T21:18:56.003Z
586049,3,2025-04-18T22:06:06.566Z,2025-11-02T19:32:20.196Z
693664,3,2025-05-06T07:19:16.738Z,2025-09-11T02:18:52.527Z
195081,3,2024-12-31T01:39:58.848Z,2025-11-10T21:44:35.891Z
1138171,2,2025-08-07T13:21:09.413Z,2025-11-05T09:20:37.389Z
1168072,2,2025-09-07T13:23:03.327Z,2025-10-06T05:39:19.098Z
35155,3,2024-08-06T03:26:11.053Z,2025-10-02T14:27:22.283Z
180577,3,2024-12-12T09:52:21.809Z,2025-09-30T11:45:30.254Z
85289,3,2024-08-31T16:44:14.300Z,2025-11-09T18:47:25.998Z
918330,2,2025-06-19T21:01:12.655Z,2025-07-14T18:21:12.567Z
573047,3,2025-04-17T07:07:21.187Z,2025-10-10T17:16:01.335Z
5483,3,2024-07-05T17:46:56.337Z,2025-11-13T08:22:13.563Z
84778,3,2024-08-31T16:14:19.287Z,2025-11-14T10:31:48.012Z
108363,2,2024-09-13T09:44:37.232Z,2025-11-11T06:34:01.506Z
184981,3,2024-12-17T21:03:16.152Z,2025-11-14T22:24:08.392Z
344860,2,2025-03-11T02:24:33.825Z,2025-09-13T01:01:28.427Z
4026,3,2024-06-29T03:55:35.141Z,2025-11-04T06:08:03.121Z
1058249,2,2025-07-18T14:44:37.164Z,2025-11-11T06:44:23.303Z
50253,3,2024-08-16T13:25:12.757Z,2025-11-14T19:34:34.166Z
99387,3,2024-09-07T03:12:30.437Z,2025-11-04T06:40:39.872Z
207507,3,2025-01-14T09:58:53.433Z,2025-11-14T11:19:24.287Z
884896,2,2025-06-12T00:12:01.054Z,2025-10-14T04:49:56.904Z
840940,2,2025-06-02T19:22:36.480Z,2025-10-29T15:09:06.655Z
1054153,2,2025-07-17T21:15:49.167Z,2025-11-08T17:30:57.878Z
932317,2,2025-06-23T01:19:27.202Z,2025-11-08T13:26:23.615Z
923209,2,2025-06-20T20:29:08.099Z,2025-10-23T08:25:07.599Z
29360,3,2024-08-01T19:19:36.672Z,2025-11-14T20:35:47.883Z
285518,3,2025-02-17T11:23:11.382Z,2025-11-11T16:48:18.533Z
572947,2,2025-04-17T06:51:13.711Z,2025-11-13T16:39:27.591Z
68655,3,2024-08-24T00:31:35.906Z,2025-10-04T08:45:44.331Z
35072,3,2024-08-06T01:00:46.186Z,2025-10-30T15:01:30.746Z
64795,3,2024-08-22T07:46:07.370Z,2025-11-14T16:42:06.967Z
79995,3,2024-08-29T10:55:31.510Z,2025-11-01T15:58:19.346Z
205376,3,2025-01-12T02:35:54.879Z,2025-08-30T05:44:20.177Z
163442,2,2024-11-25T13:51:10.231Z,2025-11-14T22:27:35.775Z
457019,2,2025-03-30T21:06:41.174Z,2025-11-12T00:55:12.771Z
784477,2,2025-05-21T03:13:28.621Z,2025-07-14T17:45:28.163Z
728377,3,2025-05-12T00:07:56.803Z,2025-10-02T14:22:48.344Z
931625,1,2025-06-22T21:06:22.682Z,2025-11-03T15:30:14.751Z
1120450,2,2025-07-31T16:31:53.821Z,2025-09-19T07:16:18.173Z
18229,3,2024-07-21T00:33:21.192Z,2025-11-04T05:08:09.475Z
767950,3,2025-05-17T23:43:49.800Z,2025-07-14T17:40:26.621Z
150972,3,2024-11-11T03:02:32.084Z,2025-11-04T04:13:06.294Z
122698,3,2024-09-27T10:03:49.584Z,2025-11-14T15:37:33.145Z
5331,3,2024-07-05T14:06:16.708Z,2025-11-14T21:10:33.862Z
134359,3,2024-10-12T13:30:06.689Z,2025-10-16T09:43:36.997Z
4395,3,2024-06-30T14:18:25.291Z,2025-11-14T17:27:08.039Z
954493,2,2025-06-28T06:07:52.837Z,2025-10-31T17:22:42.355Z
778341,2,2025-05-19T16:50:49.693Z,2025-11-14T14:24:42.143Z
839686,2,2025-06-02T11:43:03.727Z,2025-10-27T21:32:44.842Z
1166386,2,2025-09-04T09:28:27.027Z,2025-10-02T12:41:07.444Z
1148369,2,2025-08-12T08:31:39.530Z,2025-11-14T13:03:09.075Z
1089365,1,2025-07-25T07:16:51.201Z,2025-11-14T22:25:34.634Z
7142,3,2024-07-10T04:42:18.152Z,2025-11-14T04:35:30.443Z
1124609,2,2025-08-01T22:48:21.460Z,2025-11-07T19:27:31.862Z
585620,3,2025-04-18T18:55:40.481Z,2025-11-09T10:09:25.333Z
1029139,2,2025-07-12T19:43:26.903Z,2025-11-12T19:28:46.892Z
80394,3,2024-08-29T14:30:13.089Z,2025-11-12T11:52:10.410Z
252626,3,2025-02-05T15:26:00.948Z,2025-11-04T03:58:58.648Z
144374,3,2024-10-30T04:25:18.693Z,2025-11-14T06:28:43.943Z
660595,3,2025-04-30T18:09:50.576Z,2025-10-19T12:48:33.530Z
303282,2,2025-02-24T07:11:05.992Z,2025-11-14T16:12:00.255Z
795994,1,2025-05-23T11:14:02.582Z,2025-10-24T13:21:48.754Z
1025806,2,2025-07-12T08:04:34.414Z,2025-11-09T11:02:31.920Z
130658,3,2024-10-07T06:31:38.280Z,2025-11-04T00:23:34.497Z
42051,3,2024-08-10T18:44:00.482Z,2025-11-14T13:35:40.294Z
538627,3,2025-04-12T13:01:12.912Z,2025-11-14T17:30:53.223Z
176981,3,2024-12-08T06:23:44.429Z,2025-11-14T11:54:00.127Z
32816,3,2024-08-04T10:15:24.749Z,2025-11-06T16:53:18.588Z
134159,3,2024-10-12T07:03:26.453Z,2025-11-12T01:17:28.378Z
1067159,2,2025-07-20T14:48:07.023Z,2025-11-01T15:45:07.538Z
1052734,2,2025-07-17T13:02:21.694Z,2025-10-14T22:05:28.311Z
144779,2,2024-10-30T23:20:31.110Z,2025-09-07T09:01:10.240Z
305792,3,2025-02-25T03:35:12.016Z,2025-11-14T22:25:49.255Z
1162264,1,2025-08-29T09:43:58.650Z,2025-09-02T10:22:15.177Z
549,3,2023-12-06T20:27:47.411Z,2025-11-14T04:55:21.829Z
43532,3,2024-08-12T06:45:04.958Z,2025-07-14T11:05:10.027Z
653800,3,2025-04-29T14:25:25.536Z,2025-11-14T13:05:21.060Z
5360,3,2024-07-05T14:33:12.154Z,2025-11-13T17:03:33.000Z
476624,1,2025-04-03T07:41:35.996Z,2025-11-13T17:48:01.910Z
183052,3,2024-12-15T08:26:47.463Z,2025-11-04T06:08:02.304Z
210952,1,2025-01-18T02:03:36.477Z,2025-11-13T13:03:48.064Z
56904,3,2024-08-19T09:33:00.553Z,2025-11-14T16:50:52.182Z
43841,3,2024-08-12T10:24:07.953Z,2025-11-12T21:19:00.214Z
252386,3,2025-02-05T13:20:43.039Z,2025-11-14T23:09:31.675Z
4536,3,2024-07-01T17:58:35.702Z,2025-10-28T14:37:03.725Z
185208,3,2024-12-18T06:37:59.893Z,2025-11-04T06:31:44.102Z
4018,3,2024-06-29T02:27:36.807Z,2025-11-04T05:27:55.169Z
1061809,2,2025-07-19T09:58:51.829Z,2025-10-16T14:17:56.207Z
1140580,2,2025-08-08T15:39:46.874Z,2025-09-26T16:58:17.861Z
211470,2,2025-01-18T09:48:21.710Z,2025-08-30T05:44:55.067Z
1156463,2,2025-08-20T14:34:30.861Z,2025-11-13T06:29:48.922Z
117891,2,2024-09-22T10:44:44.743Z,2025-11-04T05:46:07.876Z
137,3,2023-10-16T15:57:50.998Z,2025-11-14T18:28:50.972Z
99167,3,2024-09-06T21:27:36.840Z,2025-11-13T13:53:20.470Z
174195,3,2024-12-05T10:36:24.423Z,2025-11-14T18:56:13.539Z
317792,3,2025-03-02T02:04:31.255Z,2025-11-04T04:50:29.099Z
1138303,2,2025-08-07T14:15:51.978Z,2025-10-31T09:28:26.185Z
923006,2,2025-06-20T18:31:15.569Z,2025-07-14T18:22:33.705Z
160708,2,2024-11-22T13:28:57.105Z,2025-11-04T07:27:47.485Z
1135102,2,2025-08-06T09:03:06.553Z,2025-11-14T21:17:18.572Z
160249,3,2024-11-22T02:45:30.834Z,2025-11-14T22:26:23.809Z
707167,2,2025-05-08T14:32:21.085Z,2025-11-12T11:05:18.497Z
681814,2,2025-05-04T06:35:18.618Z,2025-10-19T12:26:31.449Z
144353,3,2024-10-30T03:24:58.322Z,2025-10-30T12:47:44.158Z
19816,3,2024-07-22T17:57:17.898Z,2025-11-10T08:35:54.064Z
428077,3,2025-03-26T21:04:40.471Z,2025-11-14T23:14:48.353Z
26073,3,2024-07-31T01:00:10.350Z,2025-10-30T11:19:42.984Z
806588,3,2025-05-25T18:39:18.395Z,2025-11-14T18:39:08.235Z
69249,3,2024-08-24T08:22:15.297Z,2025-11-14T21:58:10.697Z
156453,3,2024-11-17T10:50:37.637Z,2025-11-14T16:47:41.450Z
4485,3,2024-07-01T07:21:36.443Z,2025-11-14T15:23:47.428Z
703693,2,2025-05-08T01:14:07.985Z,2025-10-21T05:53:34.477Z
142372,2,2024-10-26T06:54:57.318Z,2025-10-06T12:57:00.275Z
34022,3,2024-08-05T13:42:00.368Z,2025-11-04T04:04:01.017Z
676996,1,2025-05-03T08:32:54.200Z,2025-08-17T19:49:01.137Z
136132,3,2024-10-15T09:50:05.994Z,2025-09-27T18:56:58.562Z
17087,3,2024-07-20T01:38:03.601Z,2025-10-18T10:46:00.869Z
184487,3,2024-12-17T07:18:47.294Z,2025-11-11T21:24:21.143Z
39813,3,2024-08-09T08:14:30.189Z,2025-11-14T23:49:07.202Z
72313,2,2024-08-26T08:08:46.671Z,2025-11-14T22:55:10.219Z
23417,3,2024-07-28T06:46:32.581Z,2025-11-14T15:46:37.122Z
191746,3,2024-12-27T05:42:49.307Z,2025-11-04T08:38:47.711Z
1059367,2,2025-07-18T18:46:51.515Z,2025-11-14T07:17:10.280Z
39079,2,2024-08-08T16:54:07.075Z,2025-11-14T21:06:40.580Z
829522,2,2025-05-31T04:37:16.102Z,2025-09-30T20:01:16.394Z
21810,3,2024-07-26T09:32:52.012Z,2025-11-02T04:34:03.181Z
918424,2,2025-06-19T21:45:34.471Z,2025-11-08T21:02:15.843Z
1184407,2,2025-09-29T18:02:16.886Z,2025-10-31T19:00:02.430Z
697027,2,2025-05-06T21:39:40.384Z,2025-11-12T00:20:25.196Z
939709,1,2025-06-24T16:06:00.371Z,2025-11-05T10:52:41.788Z
187450,3,2024-12-21T14:11:15.350Z,2025-11-14T18:11:30.160Z
5094,3,2024-07-05T09:14:39.454Z,2025-11-14T20:48:04.373Z
574465,3,2025-04-17T10:41:15.879Z,2025-11-13T08:45:17.397Z
896447,3,2025-06-14T12:01:50.609Z,2025-11-14T16:40:38.215Z
52005,3,2024-08-17T04:06:20.903Z,2025-11-04T05:50:16.707Z
538170,3,2025-04-12T11:58:39.071Z,2025-11-04T04:02:36.804Z
83154,3,2024-08-31T00:27:16.140Z,2025-11-04T00:47:50.642Z
1103554,2,2025-07-28T07:14:13.990Z,2025-11-14T13:41:20.455Z
19060,3,2024-07-21T16:35:33.193Z,2025-11-14T20:27:15.706Z
35220,4,2024-08-06T04:56:25.047Z,2025-10-01T08:35:40.390Z
101785,3,2024-09-08T13:02:38.624Z,2025-11-04T08:54:39.489Z
778141,2,2025-05-19T16:04:18.979Z,2025-11-13T13:05:21.599Z
906412,2,2025-06-16T21:23:24.008Z,2025-11-02T23:01:06.247Z
1155696,2,2025-08-19T04:58:05.854Z,2025-10-23T22:29:53.586Z
1059829,2,2025-07-18T21:59:20.179Z,2025-11-11T08:19:12.472Z
122763,3,2024-09-27T11:08:06.474Z,2025-11-04T15:47:07.176Z
1031944,2,2025-07-13T08:42:09.866Z,2025-10-31T20:50:35.152Z
448774,2,2025-03-29T14:24:27.431Z,2025-11-14T21:47:16.867Z
723790,2,2025-05-11T05:54:23.360Z,2025-11-14T22:25:00.960Z
494049,3,2025-04-05T22:57:04.412Z,2025-11-14T22:19:00.682Z
28918,3,2024-08-01T14:14:13.118Z,2025-11-04T09:10:06.198Z
5034,3,2024-07-05T07:01:10.543Z,2025-11-14T18:37:07.547Z
779164,2,2025-05-19T23:45:49.377Z,2025-09-14T00:04:52.892Z
117973,3,2024-09-22T12:27:11.620Z,2025-10-20T09:31:57.500Z
40962,3,2024-08-09T22:49:45.589Z,2025-10-02T22:51:46.638Z
166364,3,2024-11-28T20:30:48.628Z,2025-10-14T20:24:52.026Z
467810,2,2025-04-01T18:34:01.324Z,2025-11-13T18:25:58.033Z
103277,2,2024-09-09T11:59:24.910Z,2025-11-14T15:41:13.446Z
51634,3,2024-08-17T00:14:36.840Z,2025-11-09T11:42:27.345Z
21493,3,2024-07-25T19:35:29.368Z,2025-11-14T22:34:25.185Z
96194,3,2024-09-05T00:28:14.792Z,2025-11-04T03:52:54.999Z
13046,3,2024-07-16T01:10:31.078Z,2025-11-14T14:12:06.747Z
